"","model_sentiment","model_prob","text"
"1","1",0.952027112145061,"RT @eHarvestHub: Have you read our full whitepaper yet? Find it here &amp; discover everything there is to know about eHarvestHub: https://t.co…"
"2","1",0.911815024223734,"RT @ZapOracles: Zap Founder @nickspanos wants to modernize the energy industry. He's spreading the promises of #blockchain and #smartcontra…"
"3","1",0.994094330299347,"RT @cycleancoin: Governments Efforts to support Green Technology and Cyclean.
@KoreanGovernment @elonmusk @Tesla @GreenEnergyNews 

https:/…"
"4","1",0.679596558598343,"RT @NasMarai: akon really don’t get enough credit. he started charity to provide solar electricity to millions of africans, made a foundati…"
"5","0",0.659492919599918,"https://t.co/RmrnHKqN0h House Ethics Committee Says Reps Must Disclose Cryptocurrency Holdings… https://t.co/2gZvHC2eNP"
"6","1",0.999999884661808,"RT @murthaburke: New Hot Crypto ICO Join Now!! 
https://t.co/QbN3kR9H57 
@BIGMONEYMIKE6 @iamjamiefoxx @AlexanderHaxton @BBCBreaking
#crypto…"
"7","1",0.644943617863518,"*buys every akoin* https://t.co/2nfiC2VfBO"
"8","1",0.958310042848266,"RT @TXtended: FEMA XTENDED TOKEN AIRDROP

SEND ZERO ETH AND GET 500 TEX EACH

FOLLOW
RETWEET
COMMENT

Send ZERO ETH :  0xC286030e402d3Ff0c0…"
"9","0",0.999455313992208,"RT @ugosetti: #Bitcoin : La Fête Est Finie https://t.co/aDpIv6efup #disruption #blockchain #cryptocurrency #fintech #VC #digitalcurrency #f…"
"10","1",0.9999801247514,"RT @ThinkCoinToken: So...will you be investing in @Akon's new cryptocurrency called Akoin? The purpose of the project is to build a futuris…"
"11","0",0.972907956775712,"RT @AyushiG20665620: #Cashaa #cas #crypto #cryptocurrency #trx #iota #xvg #litecoin  #xrp #btc #ltc #ada #xlm #xem #altcoins  #monero  #eth…"
"12","1",0.998741698469466,"@vexanium will Aims to help Business to create their own, Marketing campaign or Distribute their services through D… https://t.co/zPcDKDq2wD"
"13","0",0.895167678773693,"# PO8Coin #ICO #Blockchain #ETH #crypto https://t.co/Tw9knplWBU"
"14","-1",0.51029026704377,"RT @cycleancoin: Why Cyclean choose @ethereum platform in their core system take a look @VitalikButerin 

https://t.co/utOFelZqmN

#Blockch…"
"15","1",0.803313868710417,"RT @LIQNET_official: A next-generation cryptocurrency exchange, #LIQNET has begun the testing phase and invites traders from all over the w…"
"16","0",0.722815358247793,"RT @nordcoinmining: Did you know that we have four Mobile Mining Containers already in operation? Read more in our whitepaper https://t.co/…"
"17","1",0.930292416790198,"RT @RareHipHopFacts: Akon has launched his own cryptocurrency called ‘AKoin’ to help improve Africa’s economy. https://t.co/Z7lXiXlOnt"
"18","1",0.995681210588486,"Earning #cryptocurrency for selling my stuff on @Listia! Join me using code ""DJLZLR"" for an extra 25 XNK. I just li… https://t.co/tgx88KLi3I"
"19","0",0.896209146163724,"RT @GGlobal_Project: @GGlobal_Project team is presenting their project today, on 22 of march 2018, at Blockchain &amp; Bitcoin Conference Talli…"
"20","1",0.912743851051244,"[NEW POST]: In November, MiVote - Powered by Horizon State ($HST) - will run a national vote on gun control in the… https://t.co/myE10N3pt9"
"21","1",0.614208928159697,"Four Ukrainians arrested for running fake cryptocurrency exchange companies https://t.co/F0LQS8zI8m https://t.co/WjCGiAFpJc"
"22","1",0.836799153767915,"RT @OrbisToken: <U+26A0><U+FE0F> ORBIS is The StartUp that you will see in your neighbourhood being proud that you have invested in it early!
 <ed><U+00A0><U+00BD><ed><U+00B4><U+00B8><U+FE0F>Read abo…"
"23","1",0.995238843985903,"RT @litenettcom: <ed><U+00A0><U+00BD><ed><U+00B3><U+008C> App features
The app contains a various functional and allows the user to manage content, create groups and microblogs.…"
"24","1",0.999999984487109,"RT @whenhub: Looking to get started with crypto?

We make it easy, and our app is already live. Buy WHEN Tokens and help build the future o…"
"25","1",0.992774746806256,"RT @Payther_HQ: Massive 300,000,000 PYT Airdrop
To join Airdrop
1. Go to https://t.co/ssZcfurPDR
2. follow the steps
3. Fill &amp; submit the f…"
"26","1",0.880890438319804,"RT @ZeroCarbonPrjct: #ZeroCarbonProject: Using energy suppliers, energy consumers &amp; cryptocurrency to accelerate the #greenenergy revolutio…"
"27","0",0.521758968602987,"Taklimakan https://t.co/IJvwpUms1l #crypto #cryptocurrency"
"28","1",0.869245328264795,"RT @crosteg: The world is a book and those who do not travel read only one page. @crosteg makes reading the book easier. Experience, travel…"
"29","-1",0.333333333333333,"#C2L #SAFT https://t.co/uYQbumyQEh"
"30","-1",0.998669611807881,"RT @mwh_Pramod: @hodlorr @zebpay they r unnecessary creating the issue which is currently not in the air...
#RBI has not issue any #notice…"
"31","1",0.679596558598343,"RT @NasMarai: akon really don’t get enough credit. he started charity to provide solar electricity to millions of africans, made a foundati…"
"32","1",0.984052061066558,"RT @xdtledger: XDT airdrop 
Follow the steps below to be the first to get rewarded 10000 XDTC

1. Follow XDT

2. Like &amp; Retweet

3. Post yo…"
"33","0",0.999020864823606,"<U+30B3><U+30A4><U+30F3><U+30C6><U+30A3><U+30A2><U+3001>PR TIMES<U+3068><U+8CC7><U+672C><U+696D><U+52D9><U+63D0><U+643A> <U+30FC><U+30FC> <U+4EEE><U+60F3><U+901A><U+8CA8><U+306E><U+6295><U+8CC7><U+60C5><U+5831><U+30B5><U+30A4><U+30C8><U+300E><U+4EEE><U+60F3><U+901A><U+8CA8><U+90E8> <U+304B><U+305D><U+90E8><U+300F><U+3092><U+30EA><U+30EA><U+30FC><U+30B9>!! – <U+7523><U+7D4C><U+30CB><U+30E5><U+30FC><U+30B9> https://t.co/Th1UnoAfhf"
"34","1",0.873713278474214,"RT @coinnup: The underlying @coinnup Swift Swipe (CSS) protocol that powers #FiatCentral allows the users to buy the #cryptocurrency of the…"
"35","0",0.999931266614677,"RT @murthaburke: Spring Sale!!!
https://t.co/xWNFMLI7kB 
@Bugatchi_ 
#murthaburke #scrollforever #blockchain #cryptocurrency #crypto #ether…"
"36","1",0.994094330299347,"RT @cycleancoin: Governments Efforts to support Green Technology and Cyclean.
@KoreanGovernment @elonmusk @Tesla @GreenEnergyNews 

https:/…"
"37","1",0.968233637611048,"""L’exchange anglais Crypto Facilities va lancer des Futures sur le Litecoin (LTC)"" https://t.co/Eu9UFDi5mJ #bitcoin… https://t.co/ITziWz5aQn"
"38","0",0.726624681956629,"#ICO #cryptocurrency
https://t.co/PSGaFpxDaN https://t.co/ZmxbOJ7mLp"
"39","1",0.999997418264612,"RT @JibbitICO: Portugal’s  lawmakers approved sweeping changes to how medical cannabis is  regulated in the country, which will open new op…"
"40","1",0.99220535000252,"RT @OrozuCoin: Do’s And Don'ts of Cryptocurrency Trading

Many investors succeed in trading cryptocurrencies, benefitting from the potentia…"
"41","1",0.91457947578705,"Edge Wallet adds Ripple and Monero #crypto #CryptoNews #cryptowallet #cryptocurrency #Monero #Quantum #ripple… https://t.co/NIPAFfEUgt"
"42","1",0.997696615432739,"RT @murthaburke: Shout out to the Dirty Birdz! @Dirtybirdzinc
Pluto we can't wait for your new album! Much Love!! 
https://t.co/L3SVLbKDeN…"
"43","0",0.987150437894928,"RT @ugosetti: #GoldmanSachs CEO: It’s ‘Arrogant’ to Think #Cryptocurrency Won’t be Successful https://t.co/w559hDeT3k #disruption #Blockcha…"
"44","-1",0.998214357360931,"RT @akazukin7777: <U+306A><U+3093><U+3060><U+3001><U+65E5><U+672C><U+306E><U+696D><U+52D9><U+6539><U+5584><U+547D><U+4EE4><U+30CD><U+30BF><U+3067><U+4E0B><U+3052><U+3066><U+308B><U+3093><U+3067><U+3059><U+304B><U+3002>|
Bitcoin has its biggest drop in more than a week after Japanese regulators hit 6 of the countr…"
"45","0",0.764235359004199,"Former Trump Aide is a Major Bitcoin Investor and Believer in the Future of Blockchain https://t.co/UWkmAAX2O3… https://t.co/GZOPaiQQK8"
"46","1",0.825987487961569,"LeadRex has an outstanding team of advisors featuring the most recognized ICO experts. @leadrex… https://t.co/SrtowVVO3N"
"47","1",0.997396118724354,"RT @jbox_coin: JBOX will be having an airdrop for all registered user on @PlanetZiggurat use link to register https://t.co/AIwxUfSBhT #aird…"
"48","0",0.971822306154939,"RT @Blockshipping: Blockshipping announces innovative plans to gamify global container tracking

https://t.co/olHBxDvLg1

#shipping #ico #b…"
"49","1",0.999876248309824,"RT @Monarchtoken: Never Stand in line to pay bills again!

https://t.co/DbOecS8mWR
https://t.co/zEiUHHtUC4
https://t.co/wscoTMVk55
https://…"
"50","-1",0.333333333333333,"Nice job https://t.co/eVrjQwRVaC"
"51","1",0.999997833451148,"RT @MeFy_MeFy: Small Good points, Small Losses for Bitcoin, Ethereum, Ripple, EOS, NEM: Value Evaluation, June 20 <U+22C6> Crypto New Media https:…"
"52","1",0.999868544370354,"RT @UHIVEsocial: How to buy UHIVE tokens.

https://t.co/UW3Ss5zbVp

#UHIVE #therevolution #jointhehive #new #cool #amazing #repost #market…"
"53","0",0.681107847866037,"A merchant is displaying the total amount of the cart on a conventional cash-desk screen along with conversion into… https://t.co/WwuzhjUMFS"
"54","1",0.869245328264795,"RT @crosteg: The world is a book and those who do not travel read only one page. @crosteg makes reading the book easier. Experience, travel…"
"55","0",0.730635535083986,"Propy is in Bahamas today. https://t.co/ZYg0eISbNv"
"56","0",0.988788278665915,"RT @OttattataOtta: Check out this review of QUOINE!
@QUOINE_SG #Quoine #Qryptos #Crypto #Cryptocurrency https://t.co/6Dh2zS3h4W"
"57","0",0.999999804035539,"RT @mf_aytas: https://t.co/LbHB1Fwoxu

#hydrogen #hydro #coin #crypto #coindesk #binance #ddex #huobi #kucoin #ERC20 #ethereum #bitcoin #cr…"
"58","-1",0.718673207944627,"RT @ContractBet: Russia 2018 #WorldCup  - Match day 4<U+20E3>:

Here is what's on today!

<ed><U+00A0><U+00BC><ed><U+00B7><U+00A8><ed><U+00A0><U+00BC><ed><U+00B7><U+00B7> vs <ed><U+00A0><U+00BC><ed><U+00B7><U+00B7><ed><U+00A0><U+00BC><ed><U+00B7><U+00B8>  Group E
<ed><U+00A0><U+00BC><ed><U+00B7><U+00A9><ed><U+00A0><U+00BC><ed><U+00B7><U+00AA> vs <ed><U+00A0><U+00BC><ed><U+00B7><U+00B2><ed><U+00A0><U+00BC><ed><U+00B7><U+00BD>  Group F
<ed><U+00A0><U+00BC><ed><U+00B7><U+00A7><ed><U+00A0><U+00BC><ed><U+00B7><U+00B7> vs <ed><U+00A0><U+00BC><ed><U+00B7><U+00A8><ed><U+00A0><U+00BC><ed><U+00B7><U+00AD>  Group E

A…"
"59","0",0.948848594589407,"RT @VTOSFOUNDATION: Federal Reserve Branch Adds Cryptocurrency Price Indexes [Yes, Really]
Via: @CryptoCoinsNews 

https://t.co/a7s8IhFj5d"
"60","1",0.984052061066558,"RT @xdtledger: XDT airdrop 
Follow the steps below to be the first to get rewarded 10000 XDTC

1. Follow XDT

2. Like &amp; Retweet

3. Post yo…"
"61","1",0.679596558598343,"RT @NasMarai: akon really don’t get enough credit. he started charity to provide solar electricity to millions of africans, made a foundati…"
"62","0",0.966501794257917,"@FatBTC @payfairio Pick a real project like @DeepOnionx, with the real community supporting it. $ONION #DeepOnion  https://t.co/kO8FWZtapb"
"63","1",0.999741151039294,"RT @Thr_Official: Bitcoin, ICO &amp; cryptocurrency portfolio tracker @get_delta Webby 2018 winner for 'Best Mobile UI'. <ed><U+00A0><U+00BC><ed><U+00BF><U+0086> Listed #TCH #THE #TH…"
"64","1",0.933842472372506,"RT @Ablecoinproject: Featured in the first position in the Top Upcoming ICO's! 
<ed><U+00A0><U+00BD><ed><U+00B4><U+00A5>Hype Score: 92/100!!<ed><U+00A0><U+00BD><ed><U+00B4><U+00A5> 
Vote for our project in the lower s…"
"65","1",0.995681210588486,"Earning #cryptocurrency for selling my stuff on @Listia! Join me using code ""BPVBXY"" for an extra 25 XNK. I just li… https://t.co/32UyET9QXw"
"66","1",0.936518204536736,"Try this promising project https://t.co/tEeoYEbzux"
"67","1",0.999997561011559,"RT @BlockmallP: I will choose 20 random followers to win 0.2 ETH

Please:

1. FOLLOW
2. LIKE AND RETWEET 
3. Comment your ETH address

#air…"
"68","-1",0.616321826400973,"#CryptocoinsMining, #LitecoinCloudMining South Carolina Wants To Ban Genesis Mining Over Unregistered Securities -… https://t.co/wOlgWbsxWa"
"69","1",0.99999606138513,"RT @BandZ_Network: We are doing a #giveaway #writing event on #Reddit! 

Join it here for your chance to win #ethereum!
https://t.co/1SSIlO…"
"70","1",0.679596558598343,"RT @NasMarai: akon really don’t get enough credit. he started charity to provide solar electricity to millions of africans, made a foundati…"
"71","1",0.930292416790198,"RT @HotFreestyle: Akon has launched his own cryptocurrency called ‘AKoin’ to help improve Africa’s economy. https://t.co/MszlGjlLBJ"
"72","1",0.999971664769008,"RT @tipchain: Tipchain Airdrop is still on!get $100 worth of TIP tokens

1. FOLLOW
2.RETWEET pinned
3. Comment your ETH address

#airdrop #…"
"73","1",0.548465807401824,"RT @OAX_Foundation: OAX Decentralized Platform Prototype is finally here!! Try it at https://t.co/MEtqyIsx7p

#Blockchain #decentralized #e…"
"74","1",0.999999043420647,"RT @mevu_bet: The #MeVu #Worldcup #Airdrop is now live.  Join us on Telegram and predict World Cup Match winners to get MeVu tokens.  The m…"
"75","0",0.876949721110652,"RT @getcoinage: Read about how we're decoupling crypto markets from Bitcoin in @venturebeat with our CEO, Chad Pankewitz  https://t.co/oGzE…"
"76","-1",0.840639403980946,"South Korean Bithumb Exchange Loses $30M in Latest Cryptocurrency Hack 
https://t.co/pSjKXz6YzS 
#newsoftheweek… https://t.co/npKdPkux1A"
"77","1",0.995447067258759,"Crypto community is growing everyday!

Take the possibility to be on top of the most successful businesses!

Start… https://t.co/vgKwCzn9I1"
"78","1",0.999277368714842,"RT @ViktorNiteroy: Join the revolutionary Connecty project and watch how it revolutionizes the #knowledge economy! #blockchain #cryptocurre…"
"79","1",0.679596558598343,"RT @NasMarai: akon really don’t get enough credit. he started charity to provide solar electricity to millions of africans, made a foundati…"
"80","1",0.679596558598343,"RT @NasMarai: akon really don’t get enough credit. he started charity to provide solar electricity to millions of africans, made a foundati…"
"81","0",0.999126943337201,"#FlipNpik #Crypto #Blockchain #FNP #Stellar #Bitcoin #Cryptocurrency #BTC #XLM #GoLocal #BuyLocal #FlipNpikICO… https://t.co/VjLGhzkD05"
"82","0",0.696527776734507,"RT @kimerasystems: The KIMERA Token PreSale is now live! 

Check out the Token Sale dashboard and sign up at https://t.co/4eHQ0QvtH2

#ico…"
"83","1",0.999995407361295,"RT @KureCoinHub: Join Kurecoinhub bounty campaign now to earn KRC 

https://t.co/ZsE5zukVBA

https://t.co/7Dm0aH7Ltg

Airdrop: https://t.co…"
"84","1",0.999596178023524,"RT @CryptoniaPoker: Make Cryptonia Memes/Gifs and win our Competition
#poker #pokergames #onlinepoker #ico #cryptocurrency #blockchain #tod…"
"85","1",0.999999996771202,"Join me to get @Listia's new $XNK #cryptocurrency for free! Use code ""BFDGSN"" for an extra 25 XNK. Just got this wi… https://t.co/egxsMwxMcI"
"86","1",0.995278495624752,"one of the methods how to get #bitcoin from us! Get free now at https://t.co/zR51Pk6ZeS #cryptocurrency #blockchain… https://t.co/Bq3sZ0VCy1"
"87","1",0.679596558598343,"RT @NasMarai: akon really don’t get enough credit. he started charity to provide solar electricity to millions of africans, made a foundati…"
"88","1",0.987464319106777,"RT @nauticusen: Here’s our Head of Business Development, Nicholas King presenting at the Emerging Technology Showcase in Melbourne last wee…"
"89","1",0.99999993265263,"EOS New York Proposes a New Mechanism for Addressing Future Network Issues 
https://t.co/ky51sm5oID 
#newsoftheweek… https://t.co/KFjOhWqQpQ"
"90","0",0.999999998212397,"1 Bitcoin ( #BTC )
Dollar: 6372.99$ 

1 Bitcoin Cash ( #BCH )
Dollar: 8,18.16$ 

1 Ethereum ( #ETH )
Dollar: 492.38… https://t.co/GpSYZ6Y4ER"
"91","1",0.891677452247448,"""Les ICO représentent « un risque sérieux » pour les épargnants, d’après la PDG du Nasdaq"" https://t.co/vVzsmGJILe… https://t.co/4BH2OSACe1"
"92","1",0.99338253945482,"In this Phase, we expect that VEXANIUM will already have proven its
successful business model and gained significan… https://t.co/g0w2DM2Rci"
"93","0",0.998950105170134,"https://t.co/HfDALeaqDb
#Crypto #Blockchain #PDATA #Opiria #ethereum #bitcoin #cryptocurrency #btc… https://t.co/dHtMF4NxFp"
"94","1",0.919965221500114,"cute pup #Sitting on #Chair - has been posted on https://t.co/adIwFRRkuH - https://t.co/minuSZqE4T - #Dogs - 

Retw… https://t.co/6XCToVUgKe"
"95","1",0.998419116249408,"It's not too late to make money on the crypto currency.
#Viewo #Cryptocurrency #ICO #Blockchain https://t.co/pOp113cWE6"
"96","1",0.679596558598343,"RT @NasMarai: akon really don’t get enough credit. he started charity to provide solar electricity to millions of africans, made a foundati…"
"97","1",0.970294208798788,"RT @SattsahebGopal: #MiraclesOfGodKabir
Speak only after careful thinking, sit only at the right place
Kabir says such a man will never wit…"
"98","1",0.998871890557643,"RT @MoorInformation: Akon to build new city in Senegal with own cryptocurrency called AKoin https://t.co/H9wKm2L0XM"
"99","1",0.936601059434232,"RT @nauticusen: Our COO, Jonathan Chang speaking at a panel session at the Blockchain Alternative Investment Conference in London yesterday…"
"100","1",0.679596558598343,"RT @NasMarai: akon really don’t get enough credit. he started charity to provide solar electricity to millions of africans, made a foundati…"
"101","1",0.679596558598343,"RT @NasMarai: akon really don’t get enough credit. he started charity to provide solar electricity to millions of africans, made a foundati…"
"102","1",0.449898337619933,"amazing offer on flash sale https://t.co/uqKwA6qOMi"
"103","0",0.578484876620274,"RT @cycleancoin: CyClean make partnership with 4th industrial revolution tools making company #DOGU <ed><U+00A0><U+00BD><ed><U+00B4><U+00A5><ed><U+00A0><U+00BC><ed><U+00BE><U+0086>

https://t.co/6BPAIZxfA0

<ed><U+00A0><U+00BD><ed><U+00B4><U+00A5>24hrs rem…"
"104","0",0.723030585031255,"RT @AlexChoOfficial: Keeping track of cryptocurrency takes work, but if you put in a consistent effort, you'll find a lot of niche opportun…"
"105","0",0.936814053550614,"Pixel Worlds || My first youtube video https://t.co/9TOoxrTbSI 
#ico
#crypto
#photography
#iwd2018
#cryptocurrency… https://t.co/61fil5ok72"
"106","-1",0.333333333333333,"RT @Mariagreat3: @Evermentcoin https://t.co/Su2dn2Fone"
"107","1",0.529242846556148,"RT @TrimpoPage: We would like to remind you that Trimpo Pre-Sale is ongoing!

https://t.co/TNoY7jTpmE

#Blockchain #ICO #cryptocurrency #ec…"
"108","1",0.96137304427058,"Bi-weekly report updated! @Merculet_io has achieved a new progress in pass two weeks. We believe, in the upcoming f… https://t.co/sTovRN8Jjs"
"109","1",0.999996605808078,"New Platform Ranks Cryptocurrency Exchanges by Liquidity, Security, and Reliability
https://t.co/22NtbVPDph"
"110","1",0.679596558598343,"RT @NasMarai: akon really don’t get enough credit. he started charity to provide solar electricity to millions of africans, made a foundati…"
"111","1",0.870336873118793,"IOTA and SinoPac team up to collaborate on digital innovations in the financial sector via /r/CryptoCurrency https://t.co/mDb24kgmhz"
"112","-1",0.999968588810015,"$17 Billion Deleted From Cryptocurrency Market in 24 Hours as Ethereum Falls 7% https://t.co/NJoSJ2hp8M"
"113","1",0.679596558598343,"RT @NasMarai: akon really don’t get enough credit. he started charity to provide solar electricity to millions of africans, made a foundati…"
"114","1",0.999982598122993,"RT @murthaburke: Get Your Mom a Great Bouquet of Flowers at 10% OFF for Mother's Day!  
https://t.co/hbtVEzrsHv 
@TheFlora2000 
#blockchain…"
"115","1",0.946014548096916,"RT @BitQuickpay: BitQuickpay(BQP) AIRDROP and Whitelisting Get 50,000 BQP Tokens<ed><U+00A0><U+00BD><ed><U+00B4><U+00A5><ed><U+00A0><U+00BD><ed><U+00B4><U+00A5><ed><U+00A0><U+00BD><ed><U+00B4><U+00A5><ed><U+00A0><U+00BD><ed><U+00BA><U+0080>
https://t.co/TKeK9Zs6Do
 #ICO #airdrop #token #cryptoc…"
"116","1",0.73601522531211,"RT @izx_io: Explore this wonderful world with IZX game<ed><U+00A0><U+00BC><ed><U+00BC><U+008F><U+2728>

#izx #VR #AR #blockchain #cryptocurrency #game #token #android #iphone #bitcoin #…"
"117","1",0.963005531706859,"#Quantor the #cryptocurrency investment algorithms and educational platform
https://t.co/8k9vd5NXYJ https://t.co/O2XALBnJ6U"
"118","1",0.999854942125507,"RT @SASchoenfeld: Not a good morning for #CryptoCurrency bulls...  
Looks like #Bitcoin has broken key support overnight...   

$6220-$6155…"
"119","0",0.817387179949683,"Waar kun je Qtum kopen met iDeal?

https://t.co/b9loEcbqlo

#Crypto #cryptocurrency #cryptomunten #cryptogeld… https://t.co/JT8J1vPEJc"
"120","1",0.679596558598343,"RT @NasMarai: akon really don’t get enough credit. he started charity to provide solar electricity to millions of africans, made a foundati…"
"121","1",0.614208928159697,"Four Ukrainians arrested for running fake cryptocurrency exchange companies https://t.co/9H3PPRLCoC https://t.co/UPTRFoTqky"
"122","1",0.428959756528585,"CREDITS to Be Audited by Red4Sec https://t.co/mcVURFTTQa #Crypto_Currency_News #cc #cryptocurrency #news"
"123","1",0.451686757026433,"Gerenommeerd geopolitiek analist zegt dat blockchains (uiteindelijk) gedecodeerd zullen worden #Blockchain… https://t.co/846Dpf0RX8"
"124","1",0.978897708822857,"Cryptocurrency Games Have Invaded the Most Popular App Stores
https://t.co/M0LFsQOMH9"
"125","0",0.999999613112249,"RT @murthaburke: #RT Doax ICO. 
#blockchain #cryptocurrency #crypto #ethereum #bitcoin #altcoin #eth #btc #RT #ICO #reddit #bitnews #news #…"
"126","0",0.999931266614677,"RT @murthaburke: Spring Sale!!!
https://t.co/xWNFMLI7kB 
@Bugatchi_ 
#murthaburke #scrollforever #blockchain #cryptocurrency #crypto #ether…"
"127","1",0.679596558598343,"RT @NasMarai: akon really don’t get enough credit. he started charity to provide solar electricity to millions of africans, made a foundati…"
"128","1",0.999953429387071,"RT @nordcoinmining: Our press release has been published in @TrustNodes! Give it a read on their website https://t.co/mgot8TgQtS #cryptocur…"
"129","0",0.614872378582753,"Check out our on-line #training #courses at https://t.co/P3TwNGcee3 Use coupon code Citadel10 for a great #discount… https://t.co/5jP0wSumyL"
"130","0",0.501057618155123,"Let's try https://t.co/WDZIFdbX9b"
"131","0",0.999999999819157,"<U+0420><U+044B><U+043D><U+043E><U+043A> <U+043A><U+0440><U+0438><U+043F><U+0442><U+043E><U+0432><U+0430><U+043B><U+044E><U+0442> <U+0437><U+0430><U+0444><U+0438><U+043A><U+0441><U+0438><U+0440><U+043E><U+0432><U+0430><U+043B> <U+043F><U+043E><U+0442><U+0435><U+0440><U+044E> <U+0431><U+043E><U+043B><U+0435><U+0435> $17 <U+043C><U+043B><U+0440><U+0434> <U+0437><U+0430> <U+043F><U+0440><U+043E><U+0448><U+0435><U+0434><U+0448><U+0438><U+0435> 24 <U+0447><U+0430><U+0441><U+0430>. #EOS #ethereum 
https://t.co/NJSGr8493p… https://t.co/ldmysKNhfK"
"132","1",0.99999993265263,"EOS New York Proposes a New Mechanism for Addressing Future Network Issues 
https://t.co/7RE3TPDmml 
#newsoftheweek… https://t.co/IhnLsmMq8e"
"133","1",0.998961868291739,"Hey! folks, Read about our new product, the ERC20 Wallet on Medium.

https://t.co/M1lX9Si3CR

Landing Page:… https://t.co/5DovJzrLBq"
"134","1",0.999596178023524,"RT @CryptoniaPoker: Make Cryptonia Memes/Gifs and win our Competition
#poker #pokergames #onlinepoker #ico #cryptocurrency #blockchain #tod…"
"135","1",0.992774746806256,"RT @Payther_HQ: Massive 300,000,000 PYT Airdrop
To join Airdrop
1. Go to https://t.co/ssZcfurPDR
2. follow the steps
3. Fill &amp; submit the f…"
"136","1",0.838268686547332,"I just published “Cryptocurrency Creation Service Development Company USA” https://t.co/8wbcr3nNlE"
"137","1",0.958882156082619,"@altconnectme is a revolutionary cryptocurrency platform and AltConnect  Coin (ACX) is the currency of this platfor… https://t.co/vti3KboNoJ"
"138","1",0.982080463262614,"RT @GCOX_Official: Calling all Crypto-maniacs in Vietnam! Our legendary GCOX Crypto-Knights are hitting up Ho Chi Minh City this weekend! J…"
"139","1",0.991483810394583,"RT @Pearl_Pay: #PearlPay is rewarding 1,000,000 PRLPAY Coins! Participate here https://t.co/G3gIsnYcGx 

#airdrop #airdropalert #bounty #PR…"
"140","1",0.999876248309824,"RT @Monarchtoken: Never Stand in line to pay bills again!

https://t.co/DbOecS8mWR
https://t.co/zEiUHHtUC4
https://t.co/wscoTMVk55
https://…"
"141","1",0.614208928159697,"Four Ukrainians arrested for running fake cryptocurrency exchange companies https://t.co/nufCgxeNWI https://t.co/O0aBhsC0sF"
"142","1",0.531897209715309,"RT @billboard: Akon launches ""AKoin"" cryptocurrency to power youth entrepreneurship in Africa https://t.co/cKFS3zGwNW https://t.co/cBx8XrbK…"
"143","1",0.679596558598343,"RT @NasMarai: akon really don’t get enough credit. he started charity to provide solar electricity to millions of africans, made a foundati…"
"144","1",0.999917617234152,"RT @GPXenergy: ""Green power has become the cheapest source of power available, and is rapidly becoming the most abundant, yet power prices…"
"145","0",0.596917353696858,"RT @andrewwcox: Chinese Police Seize 200 Bitcoin, Ethereum Mining Rigs Over Electricity Theft
https://t.co/Y0G2HWgE6M
#Ethereum #Bitcoin #c…"
"146","0",0.992160534456078,"""Le Kenya accueille les monnaies communautaires basées sur la Blockchain"" https://t.co/bTFaozNQ8w #bitcoin #altcoin… https://t.co/juKBa46dWT"
"147","-1",0.333333333333333,"https://t.co/DsFUkWmdy5 #PullPayments #instantpayments #fasterpayments #PumaPay https://t.co/A1vTOQeqKo"
"148","1",0.999854718973936,"RT @qurrex: 10th day of #qurrex #public #ico. #price #now is 340 $QRX for 1 $ETH.
Qurrex #token gives you at least 3 types of #income. 
htt…"
"149","0",0.999996304495091,"RT @CybitCorp: Read more about it at  https://t.co/CRmgkbaXFX #finance #blockchain #cryptocurrency #crowdfunding #ICO #crypto
#blockchain #…"
"150","1",0.995802774431282,"RT @Rubius_Inc: We are proud to ANNOUNCE that our 2ND AIRDROP will go live tomorrow, 23rd June at 1PM EST. Those lucky entrants who success…"
"151","1",0.992647878710361,"@Payther_HQ The Best project https://t.co/Dj7hYZ1hxH"
"152","1",0.992774746806256,"RT @Payther_HQ: Massive 300,000,000 PYT Airdrop
To join Airdrop
1. Go to https://t.co/ssZcfurPDR
2. follow the steps
3. Fill &amp; submit the f…"
"153","1",0.876580531308395,"RT @xtradeio: #XTRD Community Update - June 11th, 2018 https://t.co/OaDzbfBHvm #crypto #cryptocurrency #cryptotrading https://t.co/xKKyn9ye…"
"154","1",0.974189895821503,"RT @UHIVEsocial: $5.1Million raised! #JoinTheHive

https://t.co/UW3Ss5zbVp

#UHIVE #therevolution #jointhehive #new #cool #amazing #repost…"
"155","1",0.531897209715309,"RT @billboard: Akon launches ""AKoin"" cryptocurrency to power youth entrepreneurship in Africa https://t.co/cKFS3zGwNW https://t.co/cBx8XrbK…"
"156","1",0.884507930720135,"Get Free Cryptocurrency at EarnCrypto https://t.co/98BVBAd0bO $TUSD $PKB #TKS"
"157","1",0.984927565332621,"RT @Zichain1: The World Blockchain Summit MARVELS was brilliant and all the big names in the game gathered to celebrate the industry!

Our…"
"158","-1",0.51029026704377,"RT @cycleancoin: Why Cyclean choose @ethereum platform in their core system take a look @VitalikButerin 

https://t.co/utOFelZqmN

#Blockch…"
"159","1",0.737376801835924,"#RaiBlocks news alert!Best Cryptocurrency To Invest 2018 -- https://t.co/1LiIMnwR6I #XRB $XRB"
"160","1",0.614208928159697,"Four Ukrainians arrested for running fake cryptocurrency exchange companies https://t.co/IXtU9dBWXz https://t.co/jV6Ascp61R"
"161","1",0.999991851489664,"RT @murthaburke: Luckchemy ICO- Provably Fair Online Gambling Platform! %40 Off Right NOW!
https://t.co/WHqyqDVxMk
@BIGMONEYMIKE6 @iamjamie…"
"162","1",0.679596558598343,"RT @NasMarai: akon really don’t get enough credit. he started charity to provide solar electricity to millions of africans, made a foundati…"
"163","1",0.679596558598343,"RT @NasMarai: akon really don’t get enough credit. he started charity to provide solar electricity to millions of africans, made a foundati…"
"164","-1",0.999967467743646,"RT @murthaburke: Don’t Just Day Trade, Day Trade Smart!! 

@DayTradeSmart 
https://t.co/BwjNTLKYVz 
#murthaburke #scrollforever #blockchain…"
"165","1",0.999997553317274,"RT @ICOsprintx: We have everything under control and we are making the best things for SprintX<ed><U+00A0><U+00BD><ed><U+00B2><U+00BB><U+2764><U+FE0F><ed><U+00A0><U+00BD><ed><U+00B2><U+00AA><ed><U+00A0><U+00BC><ed><U+00BF><U+00BB>

<U+27A1><U+FE0F> Sign up for our pre-sale https://t.…"
"166","1",0.679596558598343,"RT @NasMarai: akon really don’t get enough credit. he started charity to provide solar electricity to millions of africans, made a foundati…"
"167","1",0.875805582217582,"RT @TimesLIVE: The star spilt the deets on his next big project: a whole city run by cryptocurrency. https://t.co/QgzBhr9D07"
"168","0",0.99019344246311,"RT @GemMarketSpace: <ed><U+00A0><U+00BD><ed><U+00BA><U+0080> Key Competitive Advantages of Market Space <ed><U+00A0><U+00BD><ed><U+00BA><U+0080>

<U+27A1><U+FE0F>Read the article: https://t.co/xGFNypOUR8

#ICO #BTC #ETH #Technology…"
"169","0",0.722815358247793,"RT @nordcoinmining: Did you know that we have four Mobile Mining Containers already in operation? Read more in our whitepaper https://t.co/…"
"170","1",0.881177926069151,"RT @WhaleAgents: Few days ago somebuddy told me that #JohnMcafee crew is show off about their recommendation can get up to half million $us…"
"171","-1",0.849588128808001,"Bithumb Confirms it Will Reimburse Users Affected by the Recent Hack https://t.co/1Ov0ZK5NHx #Crypto_Currency_News #cc #cryptocurrency #news"
"172","1",0.679596558598343,"RT @NasMarai: akon really don’t get enough credit. he started charity to provide solar electricity to millions of africans, made a foundati…"
"173","1",0.99999606138513,"RT @BandZ_Network: We are doing a #giveaway #writing event on #Reddit! 

Join it here for your chance to win #ethereum!
https://t.co/1SSIlO…"
"174","1",0.637870482916297,"RT @yeenot_today: Zcoin contest goes live on Koinex! https://t.co/CjhWibIvsv #YEENOT.TODAY #XZC #cryptocurrency #crypto"
"175","0",0.999999989066827,"<U+30AA><U+30B9><U+30B9><U+30E1><U+53D6><U+5F15><U+6240><U+4E00><U+89A7>

https://t.co/PcUmAyZnx9
#Bitcoin 
#BTC 
#<U+30D3><U+30C3><U+30C8><U+30B3><U+30A4><U+30F3> 
#blockchain
#<U+30A4><U+30FC><U+30B5><U+30EA><U+30A2><U+30E0> 
#Ethereum 
#ETH 
#<U+30D6><U+30ED><U+30C3><U+30AF><U+30C1><U+30A7><U+30FC><U+30F3> … https://t.co/usD9t6Ry1K"
"176","1",0.535456715662042,"RT @ThatDudeMCFLY: this guy is underrated as a human. https://t.co/q8yLyMGRvH"
"177","1",0.531897209715309,"RT @billboard: Akon launches ""AKoin"" cryptocurrency to power youth entrepreneurship in Africa https://t.co/cKFS3zGwNW https://t.co/cBx8XrbK…"
"178","0",0.999907188897744,"#blockchain #cryptocurrency #bitcoin #ethereum #ico #P2PS #P2PSF https://t.co/FQZtjyQjyA"
"179","1",0.998466759599716,"RT @Monarchtoken: Do you run an eCommerce store? Do you want to accept cryptocurrency as a payment mode for your products and services?

Le…"
"180","1",0.358216814755285,"RT @overridepro: Putting the final touches on my presentation “How We Find &amp; Develop Ideas”. I think this may help a lot of potential entre…"
"181","1",0.999999996771202,"Join me to get @Listia's new $XNK #cryptocurrency for free! Use code ""BFDGSN"" for an extra 25 XNK. Just got this wi… https://t.co/lbdw6vil86"
"182","-1",0.533248632791753,"RT @IOHK_Charles: What's often missed by the cryptocurrency is going to die broken record media is that after the next wave of regulation,…"
"183","0",0.937890966597344,"""Plexcoin scam : Dominic Lacroix continue de se servir dans la caisse"" https://t.co/sgBGlYXCmx #bitcoin #altcoin… https://t.co/PN0l7ltvIr"
"184","0",0.582502949305168,"RT @WeGoldToken: #WeGoGo social #travel platform features over 12<ed><U+00A0><U+00BC><ed><U+00BF><U+009D><U+FE0F>, 5000 Travel Service Providers<ed><U+00A0><U+00BC><ed><U+00BF><U+00A8><ed><U+00A0><U+00BD><ed><U+00BA><U+00B4><U+200D><U+2640><U+FE0F><ed><U+00A0><U+00BC><ed><U+00BF><U+0084><U+200D><U+2642><U+FE0F><ed><U+00A0><U+00BE><ed><U+00B7><U+0097><U+200D><U+2640><U+FE0F>&amp; 6000 transactions to date<ed><U+00A0><U+00BD><ed><U+00B2><U+00B0>…"
"185","1",0.394692260833277,"RT @humancoinnet: Humancoin - the cryptocurrency of kindness - presale starts on July 1! Early backers will receive a special bonus 50% for…"
"186","1",0.993343006879911,"RT @TheLedgerToday: @ElectracoinECA Want us to rain 200,000 ( $ECA ) in Discord? Let's show other #Cryptos how strong the #Electra communit…"
"187","1",0.99999792943471,"RT @bitesprit: We have big news for you! We are starting a new airdrop program tomorrow. Details will be given upon launch, so stick around…"
"188","1",0.993343006879911,"RT @TheLedgerToday: @ElectracoinECA Want us to rain 200,000 ( $ECA ) in Discord? Let's show other #Cryptos how strong the #Electra communit…"
"189","1",0.99999606138513,"RT @BandZ_Network: We are doing a #giveaway #writing event on #Reddit! 

Join it here for your chance to win #ethereum!
https://t.co/1SSIlO…"
"190","1",0.943499101418269,"RT @ShareRingCo: Another exciting announcement coming your way this week....#Masternodes! We will be revealing more information regarding t…"
"191","1",0.999886981732162,"RT @investaco_uk: WORLD'S FIRST HEDGED ICO
Maximise returns for ICO tokens.

Cashback incentives for early commitment https://t.co/5Uh4SBfq…"
"192","1",0.991932692205903,"RT @nordcoinmining: We're pleased to be able to officially announce our ICO. Set to start July 16th, we aim to manufacture and lease mining…"
"193","0",0.830823825606871,"RT @eHarvestHub: Want to know more about the eHarvestHub platform? Check out our full whitepaper here:  https://t.co/5sAfHy98Sd #cryptocurr…"
"194","-1",0.333333333333333,"#Ubcoin  #UbcoinICO https://t.co/uRyOD1rN83"
"195","1",0.995052984676425,"Almost a week left before the @CryptoniaPoker ICO ends. Time is running out, better make a move now and invest at… https://t.co/P5dy9R2TI0"
"196","1",0.943007045128155,"Request Network's Invoice App Now Supports ETH, REQ, KNC, DGX, DAI, and OMG! https://t.co/TEFE3mOrM5 #CryptoCurrency #cryptocurrency #reddit"
"197","1",0.896303420809357,"Freedom Fest 2018: Cryptocurrency Speakers, Debates, &amp; Growing Interest Among Attendees
https://t.co/PkgKx9kuBo"
"198","0",0.998301652635917,"https://t.co/gvasdApgwe
#Crypto #Blockchain  #GlobalREIT   
#BlockchainBasedREIT #ethereum 
#bitcoin… https://t.co/QXd38KTDKH"
"199","-1",0.998688695166721,"RT @zcoinofficial: Who copied who? The realization that Nuls @nulsservice logo looks similar to Zcoin's when flipped on its side. #coinagen…"
"200","1",0.535456715662042,"RT @ThatDudeMCFLY: this guy is underrated as a human. https://t.co/q8yLyMGRvH"
"201","1",0.999986407249982,"RT @bethereumteam: The main sale is coming! If you want another reminder, sing up to our whitelist and we will make sure that you will not…"
"202","-1",0.333333333333333,"<ed><U+00A0><U+00BD><ed><U+00B8><U+009D> https://t.co/8fm3STPLgI"
"203","1",0.637810382956445,"Play Games, Win komodo instantly!!!!! https://t.co/MJqYqCt8ZG #Komodo #cryptocurrency"
"204","1",0.992774746806256,"RT @Payther_HQ: Massive 300,000,000 PYT Airdrop
To join Airdrop
1. Go to https://t.co/ssZcfurPDR
2. follow the steps
3. Fill &amp; submit the f…"
"205","1",0.970525527187672,"RT @Payther_HQ: We are 16k+ Strong on Telegram<ed><U+00A0><U+00BD><ed><U+00B2><U+00AA>.
Thanks to all our loving supporters out there. You guys are making it happen!
Let's keep t…"
"206","1",0.999939111246865,"RT @ALLUXE_: ALLUXE Airdrop is Live and giving away 500,000 LXC tokens. Hurry up, airdrop is available until July 20! Follow the link for f…"
"207","1",0.501012684228591,"Is Cryptocurrency The Road to Independence Around The World? #CatalanCryptocurrency #CataloniaIndependence… https://t.co/lj0apTpVU8"
"208","1",0.63036992616422,"@OKEx_ $ONION is my favorite cryptocurrency to trade online. I vote for @DeepOnionx #DeepOnion. https://t.co/Q2dcmcf9zT"
"209","1",0.679596558598343,"RT @NasMarai: akon really don’t get enough credit. he started charity to provide solar electricity to millions of africans, made a foundati…"
"210","1",0.929817398108764,"RT @Bytecoin_BCN: Big surprise... When will the banking system learn that they can't stop the march of a changing #crypto environment? #BCN…"
"211","1",0.989174859865691,"#zichainico Take part in this project and follow the latest developments of an innovative and promising company! Yo… https://t.co/dHCjpP1il9"
"212","1",0.995681210588486,"Earning #cryptocurrency for selling my stuff on @Listia! Join me using code ""BPVBXY"" for an extra 25 XNK. I just li… https://t.co/Qp8ny3Ad1M"
"213","0",0.999999804035539,"RT @mf_aytas: https://t.co/LbHB1Fwoxu

#hydrogen #hydro #coin #crypto #coindesk #binance #ddex #huobi #kucoin #ERC20 #ethereum #bitcoin #cr…"
"214","1",0.988211328806722,"RT @TarisAragon: Im staking #Idealcash for 2 weeks now 24/7
And never experienced any troubles with staking 
A 100% working product on my S…"
"215","0",0.426135357317969,"Akon is black excellence <ed><U+00A0><U+00BD><ed><U+00B1><U+008D><ed><U+00A0><U+00BC><ed><U+00BF><U+00BF><ed><U+00A0><U+00BD><ed><U+00B1><U+008D><ed><U+00A0><U+00BC><ed><U+00BF><U+00BF> https://t.co/cTD57LrF1U"
"216","0",0.991372789982659,"RT @reach2ratan: Does #Cryptocurrency Encourage Crime? https://t.co/8LLH0IAI3M

#CyberSecurity #infosec #AI #Malware #Fintech #Blockchain #…"
"217","1",0.679596558598343,"RT @NasMarai: akon really don’t get enough credit. he started charity to provide solar electricity to millions of africans, made a foundati…"
"218","0",0.999904212297511,"@PDATA_Token #Crypto #Blockchain #PDATA #Opirium #ethereum #bitcoin #cryptocurrency #btc #brokageofpersonaldata… https://t.co/WH5TMJ5JUj"
"219","1",0.999999860962058,"A new project is now launch please support ExToke and let's help this project to become successful soon. #extoke… https://t.co/2fKJWJ2f0C"
"220","1",0.998871890557643,"RT @MoorInformation: Akon to build new city in Senegal with own cryptocurrency called AKoin https://t.co/H9wKm2L0XM"
"221","1",0.679596558598343,"RT @NasMarai: akon really don’t get enough credit. he started charity to provide solar electricity to millions of africans, made a foundati…"
"222","0",0.799513367719347,"RT @Delicia_DFT: Delicia on podcast:
https://t.co/sXWd6MzBYm
 #blockchain #cryptocurrency #digitalcurrency #delicia #foodwaste #artificiali…"
"223","1",0.693772417046601,"RT @getcoinage: Our mobile-friendly cryptocurrency exchange, the #CoinageExchange, will decouple crypto markets from Bitcoin. Read more in…"
"224","-1",0.778926688578696,"RT @nauticusen: We just got back from a conference in Sydney! Check out our showcase :D! We met a lot of interesting people!

#nauticus #NT…"
"225","1",0.999264311023067,"RT @Bitbosecoin: <ed><U+00A0><U+00B5><ed><U+00B1><U+00A9><ed><U+00A0><U+00B5><ed><U+00B1><U+00B0><ed><U+00A0><U+00B5><ed><U+00B1><U+00BB><ed><U+00A0><U+00B5><ed><U+00B1><U+00A9><ed><U+00A0><U+00B5><ed><U+00B1><U+00B6><ed><U+00A0><U+00B5><ed><U+00B1><U+00BA><ed><U+00A0><U+00B5><ed><U+00B1><U+00AC>: A Secure &amp; Reliable #Cryptocurrency for Portfolio Fund
Learn more https://t.co/e5WfsC19J3
Join Telegram https://t…"
"226","1",0.999940062929721,"Cryptocurrency rates are collected from major exchanges, and will be used to set the market rates for our exchange… https://t.co/erKWoRmmrX"
"227","0",0.947761949430328,"#ANON #bitcoin #fork #transparency #partnership https://t.co/kH3m1srJuQ"
"228","-1",0.333333333333333,"met vai loz https://t.co/lPCC7mEtTe"
"229","1",0.999735701885205,"RT @Monarchtoken: The Monarch platform will be an all-encompassing solution to accept
fiat and cryptocurrencies.

Details available here:
h…"
"230","1",0.614208928159697,"Four Ukrainians arrested for running fake cryptocurrency exchange companies https://t.co/kVZmFmPsqB https://t.co/crgEUSLyWK"
"231","0",0.547562685667335,"RT @eHarvestHub: Discover why transactions on the #blockchain are so secure! https://t.co/Nqgm3DNL3H #crypto #cryptocurrency #agriculture h…"
"232","0",0.830823825606871,"RT @eHarvestHub: Want to know more about the eHarvestHub platform? Check out our full whitepaper here:  https://t.co/5sAfHy98Sd #cryptocurr…"
"233","-1",0.964705396087499,"RT @CopyTraderCo: Are you Bullish or Bearish on #Spotify<ed><U+00A0><U+00BC><ed><U+00BE><U+00B6>?

1 - 15x Leverage <U+2705>

<U+25B6><U+FE0F> https://t.co/9Hp4KUMe0L <U+25C0><U+FE0F>

Register Now &amp; go Long<ed><U+00A0><U+00BD><ed><U+00B3><U+0088> or S…"
"234","1",0.992774746806256,"RT @Payther_HQ: Massive 300,000,000 PYT Airdrop
To join Airdrop
1. Go to https://t.co/ssZcfurPDR
2. follow the steps
3. Fill &amp; submit the f…"
"235","1",0.970171675394879,"RT @istrium: We are the best ICO of the day according to coinlauncher. Stay awake, sales starts in 10 hours <ed><U+00A0><U+00BC><ed><U+00BE><U+0089> https://t.co/UASaF2ltM2"
"236","1",0.869245328264795,"RT @crosteg: The world is a book and those who do not travel read only one page. @crosteg makes reading the book easier. Experience, travel…"
"237","1",0.980010360407682,"RT @leadrex: Send your referral link to a friend and you will receive 5%LDX of the purchase amount.

Register on our website and get a refe…"
"238","1",0.985938744907955,"RT @wavespay: WAVESPAY AIRDROP IS LIVE 

$50 worth of tokens by filling a simple form Fill the form at https://t.co/ad10TPXtqR   
1. FOLLOW…"
"239","1",0.999999937056416,"RT @murthaburke: New Hot Crypto ICO! Join Now!! 
https://t.co/lg5mQHqjW0 
@BIGMONEYMIKE6 @iamjamiefoxx @AlexanderHaxton @BBCBreaking
#crypt…"
"240","1",0.999876248309824,"RT @Monarchtoken: Never Stand in line to pay bills again!

https://t.co/DbOecS8mWR
https://t.co/zEiUHHtUC4
https://t.co/wscoTMVk55
https://…"
"241","1",0.930292416790198,"RT @HotFreestyle: Akon has launched his own cryptocurrency called ‘AKoin’ to help improve Africa’s economy. https://t.co/MszlGjlLBJ"
"242","0",0.505791655763232,"RT @gmondal0002: #isupportcrypto #Cryptocurrency @PMOIndia plz interfair in #RBI https://t.co/zve8BZdkSZ"
"243","1",0.679596558598343,"RT @NasMarai: akon really don’t get enough credit. he started charity to provide solar electricity to millions of africans, made a foundati…"
"244","1",0.679596558598343,"RT @NasMarai: akon really don’t get enough credit. he started charity to provide solar electricity to millions of africans, made a foundati…"
"245","1",0.999809528611982,"RT @SMMmarkeing786: ClickGem  Project is part of global payment revolution!
ClickGem Project create a new cryptocurrency called ClickGem (C…"
"246","1",0.679596558598343,"RT @NasMarai: akon really don’t get enough credit. he started charity to provide solar electricity to millions of africans, made a foundati…"
"247","1",0.679596558598343,"RT @NasMarai: akon really don’t get enough credit. he started charity to provide solar electricity to millions of africans, made a foundati…"
"248","1",0.535456715662042,"RT @ThatDudeMCFLY: this guy is underrated as a human. https://t.co/q8yLyMGRvH"
"249","1",0.903718732389815,"like https://t.co/3aG7aDalKq"
"250","1",0.679596558598343,"RT @NasMarai: akon really don’t get enough credit. he started charity to provide solar electricity to millions of africans, made a foundati…"
"251","0",0.970019140115742,"RT @IqOption_VIP: Review of IqOption trading broker. https://t.co/etFRtFYj0z
Watch full review with video education.
IqOption Login: https:…"
"252","1",0.995956230796599,"RT @bitcoinus_io: Crypto community is growing everyday!

Take the possibility to get on top of the most successfull businesses!

Start acce…"
"253","0",0.972907956775712,"RT @AyushiG20665620: #Cashaa #cas #crypto #cryptocurrency #trx #iota #xvg #litecoin  #xrp #btc #ltc #ada #xlm #xem #altcoins  #monero  #eth…"
"254","1",0.999830800386261,"Friends, today I have a surprise for you, I'll give you an excellent tool that will allow you to earn very well, th… https://t.co/EtAd7CoL9t"
"255","0",0.926344038323196,"https://t.co/8ZZLdNFtG8
#BTC #Amsterdam #cryptocurrency #ATM"
"256","0",0.645451247376148,"RT @ICOWatchdog: The Six Key Factors for Analyzing an ICO
 https://t.co/fIXRG2HgTQ #ico #cryptocurrency #insight #bitcoin #icowatchdog #git…"
"257","0",0.972907956775712,"RT @AyushiG20665620: #Cashaa #cas #crypto #cryptocurrency #trx #iota #xvg #litecoin  #xrp #btc #ltc #ada #xlm #xem #altcoins  #monero  #eth…"
"258","1",0.710148312632312,"#Yumerium #blockchain #business
Website : https://t.co/u6vgwj0d12 
Telegram Group : https://t.co/XR2UkWNzyC https://t.co/M5qo1YCnsY"
"259","0",0.999999804035539,"RT @mf_aytas: https://t.co/LbHB1Fwoxu

#hydrogen #hydro #coin #crypto #coindesk #binance #ddex #huobi #kucoin #ERC20 #ethereum #bitcoin #cr…"
"260","1",0.726260651984344,"RT @cycleancoin: Memorable 14th June #cyclean Meetup Summary <ed><U+00A0><U+00BD><ed><U+00B2><U+00A5><ed><U+00A0><U+00BD><ed><U+00B3><U+00A3>

https://t.co/v4wl2sKPop

#Blockchain  #cryptocurrency #ICO #renewableEnerg…"
"261","-1",0.333333333333333,"@official_moch @jackson_adejoke @Ademiju_ @lifeofkayz @AhmadAlege https://t.co/OljjTeDtcD"
"262","1",0.99999606138513,"RT @BandZ_Network: We are doing a #giveaway #writing event on #Reddit! 

Join it here for your chance to win #ethereum!
https://t.co/1SSIlO…"
"263","1",0.531897209715309,"RT @billboard: Akon launches ""AKoin"" cryptocurrency to power youth entrepreneurship in Africa https://t.co/cKFS3zGwNW https://t.co/cBx8XrbK…"
"264","1",0.873713278474214,"RT @coinnup: The underlying @coinnup Swift Swipe (CSS) protocol that powers #FiatCentral allows the users to buy the #cryptocurrency of the…"
"265","-1",0.576993096065825,"The cryptocurrency world has faced numerous attacks on its technology since its commencement. There are big cryptoc… https://t.co/lfnV3mzVEZ"
"266","1",0.799923976504513,".NET Lead software development role - Robert Half ( bristol, United Kingdom )  - [ <ed><U+00A0><U+00BD><ed><U+00B3><U+008B> More Info… https://t.co/kLu0JGaaGW"
"267","-1",0.71251356120591,"RT @lopp: The rate of physical attacks will continue to accelerate as long as criminals view crypto asset owners as soft targets. https://t…"
"268","-1",0.518267887078578,"RT @SattsahebGopal: #MiraclesOfGodKabir
The earth bears the digging,the forest bears cutting
The saint bears crooked words,none others can…"
"269","0",0.999348817149724,"Cryptocurrency: Blockchain, Bitcoin &amp; Ethereum: The Definitive Guide to Investing in the Cryptocurrency Revolution… https://t.co/WqKeA8Stjb"
"270","1",0.952027112145061,"RT @eHarvestHub: Have you read our full whitepaper yet? Find it here &amp; discover everything there is to know about eHarvestHub: https://t.co…"
"271","1",0.869245328264795,"RT @crosteg: The world is a book and those who do not travel read only one page. @crosteg makes reading the book easier. Experience, travel…"
"272","1",0.679596558598343,"RT @NasMarai: akon really don’t get enough credit. he started charity to provide solar electricity to millions of africans, made a foundati…"
"273","1",0.869245328264795,"RT @crosteg: The world is a book and those who do not travel read only one page. @crosteg makes reading the book easier. Experience, travel…"
"274","1",0.679596558598343,"RT @NasMarai: akon really don’t get enough credit. he started charity to provide solar electricity to millions of africans, made a foundati…"
"275","0",0.993233327401544,"#leadrex #LDX #ICO https://t.co/DeP8nhiXoa https://t.co/WCoBCHRlSr"
"276","1",0.679596558598343,"RT @NasMarai: akon really don’t get enough credit. he started charity to provide solar electricity to millions of africans, made a foundati…"
"277","0",0.649211041573011,"RT @PumaPay: PumaPay team joins #NationalSelfieDay! #pumapay #startup #crypto #cryptocurrency #work #officelife #blockchain https://t.co/4r…"
"278","1",0.999933367621554,"RT @ProducToken: Hi everyone! Have you passed a great weekend? Cool!
Now it's TIME to INVEST! 
37M PROD sold, +8K investors !

JOIN THE REV…"
"279","0",0.999931266614677,"RT @murthaburke: Spring Sale!!!
https://t.co/xWNFMLI7kB 
@Bugatchi_ 
#murthaburke #scrollforever #blockchain #cryptocurrency #crypto #ether…"
"280","1",0.992774746806256,"RT @Payther_HQ: Massive 300,000,000 PYT Airdrop
To join Airdrop
1. Go to https://t.co/ssZcfurPDR
2. follow the steps
3. Fill &amp; submit the f…"
"281","1",0.992774746806256,"RT @Payther_HQ: Massive 300,000,000 PYT Airdrop
To join Airdrop
1. Go to https://t.co/ssZcfurPDR
2. follow the steps
3. Fill &amp; submit the f…"
"282","1",0.82629762497006,"IOTA is running at a steady 8ctp/s via /r/CryptoCurrency https://t.co/8WQQVoHcxo"
"283","0",0.844473209763456,"RT @hancoinio: Thank you!!! https://t.co/jYCyOWSDvK"
"284","1",0.968017221125357,"Profede is a blockchain-based initiative aiming to create a transparent ecosystem for professionals where tokens ar… https://t.co/nhF44JdjTe"
"285","1",0.985764874468918,"RT @MaestroProject1: The Maestro Project whitepaper is coming soon! Learn more about Maestro Project at https://t.co/RrLiHWUydm  #maestropr…"
"286","0",0.952362690961137,"#TipBlockchain #tokensale #TipBlockchainICO
TIP
@TipBlockchain
User-friendly cryptocurrency is here! Searchable… https://t.co/X8PaD2BFGX"
"287","1",0.593707405907232,"Agree.. https://t.co/EFAeVyvDs9"
"288","0",0.927771026704837,"RT @GemMarketSpace: <ed><U+00A0><U+00BD><ed><U+00BA><U+0080> Gem4me Market Space native ad platform

<U+27A1><U+FE0F>Read the article: https://t.co/vPEnIz0e15

#ICO #BTC #ETH #Technology #Inve…"
"289","0",0.734771351483781,"want to know what crypto whales know? subscribe to @cryptoETHNEWS. Several times a week these guys publish fresh in… https://t.co/aDPRLXtKQh"
"290","1",0.999982598122993,"RT @murthaburke: Get Your Mom a Great Bouquet of Flowers at 10% OFF for Mother's Day!  
https://t.co/hbtVEzrsHv 
@TheFlora2000 
#blockchain…"
"291","1",0.908646364962668,"#Bethereum #BTHR 

Twitter Page:   https://t.co/uCw6rIZKcB
Fb Page:     https://t.co/CHK6vLxbkf
Bounty:… https://t.co/Au8NWdQqIc"
"292","1",0.950143691042576,"oin ZINGO TOKEN airdrop #airdrop #bounty #giveaway #freetoken #cryptocurrency #crypto #btc #Eth #ico #bsm #airdrops  #blockchains"
"293","0",0.975899570917129,"$XRPUSD exiting oversold zone on interval 60m #cryptocurrency #trading #bitcoin #crypto #technicalanalysis"
"294","1",0.679596558598343,"RT @NasMarai: akon really don’t get enough credit. he started charity to provide solar electricity to millions of africans, made a foundati…"
"295","-1",0.533248632791753,"RT @IOHK_Charles: What's often missed by the cryptocurrency is going to die broken record media is that after the next wave of regulation,…"
"296","0",0.949253519796611,"Giveaway PWR
Follow me 
RT 
1 Million PWR
#Giveaway #cryptocurrency"
"297","0",0.612375470956658,"RT @SupPorterInc: I be on that {SupPorter} CRYPTOnite! Have you checked out our pre-sale #ICO on Start Engine, the leading Crowdfunding pla…"
"298","1",0.679596558598343,"RT @NasMarai: akon really don’t get enough credit. he started charity to provide solar electricity to millions of africans, made a foundati…"
"299","1",0.905580464782381,"BitQuickpay(BQP) AIRDROP and Whitelisting Get 50,000 BQP Tokens<ed><U+00A0><U+00BD><ed><U+00B4><U+00A5><ed><U+00A0><U+00BD><ed><U+00B4><U+00A5><ed><U+00A0><U+00BD><ed><U+00B4><U+00A5><ed><U+00A0><U+00BD><ed><U+00BA><U+0080>
@hoctran1991  @Hadees_Nabvi99  @ackerman992… https://t.co/6R6BW1LEtT"
"300","0",0.582502949305168,"RT @WeGoldToken: #WeGoGo social #travel platform features over 12<ed><U+00A0><U+00BC><ed><U+00BF><U+009D><U+FE0F>, 5000 Travel Service Providers<ed><U+00A0><U+00BC><ed><U+00BF><U+00A8><ed><U+00A0><U+00BD><ed><U+00BA><U+00B4><U+200D><U+2640><U+FE0F><ed><U+00A0><U+00BC><ed><U+00BF><U+0084><U+200D><U+2642><U+FE0F><ed><U+00A0><U+00BE><ed><U+00B7><U+0097><U+200D><U+2640><U+FE0F>&amp; 6000 transactions to date<ed><U+00A0><U+00BD><ed><U+00B2><U+00B0>…"
"301","1",0.958310042848266,"RT @TXtended: FEMA XTENDED TOKEN AIRDROP

SEND ZERO ETH AND GET 500 TEX EACH

FOLLOW
RETWEET
COMMENT

Send ZERO ETH :  0xC286030e402d3Ff0c0…"
"302","-1",0.981394081386994,"Circle Will Not Accept Any Payment for Cryptocurrency Listing https://t.co/M0yiVHfz3j https://t.co/Qk8TkRdGNQ #blockchain #tangle"
"303","1",0.679596558598343,"RT @NasMarai: akon really don’t get enough credit. he started charity to provide solar electricity to millions of africans, made a foundati…"
"304","1",0.679596558598343,"RT @NasMarai: akon really don’t get enough credit. he started charity to provide solar electricity to millions of africans, made a foundati…"
"305","1",0.988313068339811,"RT @aXpire_official: We're happy to announce that we've partnered with Block66, and that they've become a new member of our growing Preferr…"
"306","1",0.614208928159697,"Four Ukrainians arrested for running fake cryptocurrency exchange companies https://t.co/rsZETEGCIN https://t.co/N8HkvuTt7J"
"307","0",0.999999999585182,"<U+7C73><U+30BB><U+30F3><U+30C8><U+30EB><U+30A4><U+30B9><U+9023><U+9280> 4<U+3064><U+306E><U+4EEE><U+60F3><U+901A><U+8CA8><U+306E><U+4FA1><U+683C><U+8FFD><U+8DE1><U+3092><U+958B><U+59CB> #cryptocurrency #<U+4EEE><U+60F3><U+901A><U+8CA8> #bitcoin #<U+30D3><U+30C3><U+30C8><U+30B3><U+30A4><U+30F3> #blockchain #<U+30D6><U+30ED><U+30C3><U+30AF><U+30C1><U+30A7><U+30FC><U+30F3> https://t.co/XD2Gb1gOHi"
"308","0",0.979009028854347,"<U+30C8><U+30EC><U+30FC><U+30C9><U+306B><U+304A><U+3051><U+308B><U+62BD><U+8C61><U+7684><U+306A><U+8A71> https://t.co/0dNFE4arRG 
 #<U+4EEE><U+60F3><U+901A><U+8CA8>"
"309","1",0.679596558598343,"RT @NasMarai: akon really don’t get enough credit. he started charity to provide solar electricity to millions of africans, made a foundati…"
"310","0",0.78912990769807,"RT @yurofoundation: What goes down will always go up with Yuro. #Hodl the right way and outsmart the market using Yuro (YRX) tokens! 

#Cry…"
"311","-1",0.999424027897351,"RT @murthaburke: ITOB- The Evolution of Payment! @ITOB_IO
https://t.co/YaAaqYmZsX
#Itob #Itobico #Itobevolutionofpayments #blockchain #cryp…"
"312","-1",0.333333333333333,"@kristin62398937 https://t.co/p5UipyNgFM"
"313","1",0.679596558598343,"RT @NasMarai: akon really don’t get enough credit. he started charity to provide solar electricity to millions of africans, made a foundati…"
"314","0",0.952554814805205,"@Cointelegraph Which cryptocurrency should I invest in 2018? Only #DeepOnion! $ONION @deeponionx https://t.co/4ktMbFA7AO"
"315","-1",0.448793838250641,"RT @biryanipapii: hes gonna improve the akonomy https://t.co/nUdN0EEOyO"
"316","1",0.535456715662042,"RT @ThatDudeMCFLY: this guy is underrated as a human. https://t.co/q8yLyMGRvH"
"317","1",0.967275046083156,"RT @Dave_Jonez_02: @w3c Payment Hander API is coming to the Chrome browser.

""Thanks to @Interledger and similar technologies we may soon s…"
"318","1",0.999786317850675,"RT @xtradeio: #XTRD post #TGE bounty campaign will start on June 18th, 2018 at midnight UTC+0. Find more details in out bounty thread on #B…"
"319","0",0.997853132085813,"Bitcoin Magazine’s Week in Review: Looking Back to See the Way Ahead

#bitcoin #crypto #cryptocurrency #ethereum… https://t.co/RosJEapGiy"
"320","1",0.954267647674354,"[NEW POST]: NEO launches Open Blockchain Foundation with initial capital contribution of $1.8 Million from unclaime… https://t.co/0vNpz377Pe"
"321","0",0.999999944522253,"#PERA #Payera #blockchain #tokensale #cryptocurrency #cardera #shopera #bitcoin #ethereum https://t.co/RjnIs3zL7D… https://t.co/l11S9fIIR4"
"322","1",0.97333215855216,"@CryptoCoinsNews How to Invest in Crypto Coins? Buy #DeepOnion @deeponionx $ONION https://t.co/Ce3742N6RN"
"323","0",0.582502949305168,"RT @WeGoldToken: #WeGoGo social #travel platform features over 12<ed><U+00A0><U+00BC><ed><U+00BF><U+009D><U+FE0F>, 5000 Travel Service Providers<ed><U+00A0><U+00BC><ed><U+00BF><U+00A8><ed><U+00A0><U+00BD><ed><U+00BA><U+00B4><U+200D><U+2640><U+FE0F><ed><U+00A0><U+00BC><ed><U+00BF><U+0084><U+200D><U+2642><U+FE0F><ed><U+00A0><U+00BE><ed><U+00B7><U+0097><U+200D><U+2640><U+FE0F>&amp; 6000 transactions to date<ed><U+00A0><U+00BD><ed><U+00B2><U+00B0>…"
"324","1",0.876203658528783,"good https://t.co/pK9Oc5uCUR"
"325","1",0.679596558598343,"RT @NasMarai: akon really don’t get enough credit. he started charity to provide solar electricity to millions of africans, made a foundati…"
"326","1",0.610408608338231,"#izx #presale https://t.co/ReFhCEobuk"
"327","1",0.999738881816196,"RT @qurrex: You have about 12 hours to buy 340 $QRX +80 % #airdrop for 1 $ETH. After 12 hour will be increased.

#qurrex - is #fastest #cry…"
"328","1",0.679596558598343,"RT @NasMarai: akon really don’t get enough credit. he started charity to provide solar electricity to millions of africans, made a foundati…"
"329","0",0.95584934571645,"RT @DelorisMay55: !!!!  Legit cryptocurrency trading bot with Telegram  !!!
Check it here: https://t.co/g6zPEFgcMR
#tradingbot #TradingSign…"
"330","0",0.49469991509637,"RT @PhoneumMobile: Ivan Likov, Founder and CEO of Phoneum, Discusses Apple's Recent Ban Mobile Cryptocurrency Mining on iOS Devices at the…"
"331","1",0.946014548096916,"RT @BitQuickpay: BitQuickpay(BQP) AIRDROP and Whitelisting Get 50,000 BQP Tokens<ed><U+00A0><U+00BD><ed><U+00B4><U+00A5><ed><U+00A0><U+00BD><ed><U+00B4><U+00A5><ed><U+00A0><U+00BD><ed><U+00B4><U+00A5><ed><U+00A0><U+00BD><ed><U+00BA><U+0080>
https://t.co/TKeK9Zs6Do
 #ICO #airdrop #token #cryptoc…"
"332","-1",0.716865146695672,"RT @kamsky_andrew: Malta is now home to three cryptocurrency exchanges, including two of the five biggest and will be releasing its VFA leg…"
"333","1",0.679596558598343,"RT @NasMarai: akon really don’t get enough credit. he started charity to provide solar electricity to millions of africans, made a foundati…"
"334","-1",0.643469210490132,"RT @AllStocks_ico: Skepticism Hovers over Cryptocurrency Startup Tether https://t.co/KQHD9D8ghM"
"335","-1",0.518267887078578,"RT @SattsahebGopal: #MiraclesOfGodKabir
The earth bears the digging,the forest bears cutting
The saint bears crooked words,none others can…"
"336","0",0.909623029108939,"#preico #ETH #BB #cryptolife #bitbose https://t.co/r2mQcGAcOl"
"337","1",0.87199776102372,"@rajbitindia telegrame user name Excellent Project !!!
 I have already Read the white Paper and Its onlyRemain to s… https://t.co/9cpwaYTEPa"
"338","1",0.614208928159697,"Four Ukrainians arrested for running fake cryptocurrency exchange companies https://t.co/IBLcCmMQJ0 https://t.co/X3L753R16c"
"339","1",0.999580442719835,"RT @MLTrade2: World's First MarginLess crypto trading platform will be live on July 10.

<ed><U+00A0><U+00BD><ed><U+00B2><U+00A5>As a Early Bird registration bonus we are giving…"
"340","1",0.679596558598343,"RT @NasMarai: akon really don’t get enough credit. he started charity to provide solar electricity to millions of africans, made a foundati…"
"341","0",0.998889839477843,"RT @murthaburke: Konios @KoniosOfficial 
@BIGMONEYMIKE6 @iamjamiefoxx 
https://t.co/dBn08TPiiK 
#blockchain #cryptocurrency #crypto #ethere…"
"342","-1",0.333333333333333,"RT @Crypto_Cpt_Nemo: https://t.co/KZRPXnyJ3H"
"343","1",0.699672742873479,"#AtlantisBlue https://t.co/MdjjEarvg8"
"344","1",0.970525527187672,"RT @Payther_HQ: We are 16k+ Strong on Telegram<ed><U+00A0><U+00BD><ed><U+00B2><U+00AA>.
Thanks to all our loving supporters out there. You guys are making it happen!
Let's keep t…"
"345","1",0.910423868599601,"RT @Cointelegraph: Four citizens of Ukraine have been arrested for running six fake cryptocurrency exchanges
https://t.co/agNJKH1UW0"
"346","1",0.985386262096111,"GIVEAWAY Promotion has begun.
the world’s 1st decentralized cryptocurrency quotation and exchange platform,StockCha… https://t.co/y16FsHpOW1"
"347","1",0.992774746806256,"RT @Payther_HQ: Massive 300,000,000 PYT Airdrop
To join Airdrop
1. Go to https://t.co/ssZcfurPDR
2. follow the steps
3. Fill &amp; submit the f…"
"348","-1",0.45394153722341,"RT @BBOD_Nigeria: @BBODTrading platform is every trader's heaven..

#ethereum #Nigeriavsiceland #TGIF #cryptoexchange #BlockChainIT #happyt…"
"349","1",0.994094330299347,"RT @cycleancoin: Governments Efforts to support Green Technology and Cyclean.
@KoreanGovernment @elonmusk @Tesla @GreenEnergyNews 

https:/…"
"350","0",0.686037258699989,"#MPCXP #Cryptocurrency #blockchain #token #crypto #Airdrop MPCX is a digital blockchain driven financial services p… https://t.co/aqUBmTXfpd"
"351","1",0.679596558598343,"RT @NasMarai: akon really don’t get enough credit. he started charity to provide solar electricity to millions of africans, made a foundati…"
"352","1",0.991689855086099,"RT @xtradeio: #XTRD team will be attending the #FIX Trading Community’s annual #Chicago Regional Meeting which will be held on Wednesday, J…"
"353","0",0.890839295223006,"#GigTricks #GigTricksICO #ICO #Cryptocurrency #Blockchain https://t.co/aVX1uIlR8a"
"354","0",0.999420424896597,"RT @cryptoland_pr: Discover what Iceland loves about #cryptocurrency! https://t.co/Xe7wY42qfk #crypto #isupportcrypto #blockchain #btc #eth…"
"355","0",0.582502949305168,"RT @WeGoldToken: #WeGoGo social #travel platform features over 12<ed><U+00A0><U+00BC><ed><U+00BF><U+009D><U+FE0F>, 5000 Travel Service Providers<ed><U+00A0><U+00BC><ed><U+00BF><U+00A8><ed><U+00A0><U+00BD><ed><U+00BA><U+00B4><U+200D><U+2640><U+FE0F><ed><U+00A0><U+00BC><ed><U+00BF><U+0084><U+200D><U+2642><U+FE0F><ed><U+00A0><U+00BE><ed><U+00B7><U+0097><U+200D><U+2640><U+FE0F>&amp; 6000 transactions to date<ed><U+00A0><U+00BD><ed><U+00B2><U+00B0>…"
"356","1",0.896303420809357,"Freedom Fest 2018: Cryptocurrency Speakers, Debates, &amp; Growing Interest Among Attendees
https://t.co/2wBmM1s7bG"
"357","0",0.649211041573011,"RT @PumaPay: PumaPay team joins #NationalSelfieDay! #pumapay #startup #crypto #cryptocurrency #work #officelife #blockchain https://t.co/4r…"
"358","1",0.997629666980894,"#zichainico We decided to go to ICO, to launch our own cryptocurrency, and provide our clients with an option to pa… https://t.co/hKHbUKv44h"
"359","1",0.574180235337937,"Turkish court rules to keep Amnesty International official in jail https://t.co/n9sExXzxIC https://t.co/B6HLH4J6X2… https://t.co/TgUoPqvujO"
"360","1",0.992774746806256,"RT @Payther_HQ: Massive 300,000,000 PYT Airdrop
To join Airdrop
1. Go to https://t.co/ssZcfurPDR
2. follow the steps
3. Fill &amp; submit the f…"
"361","1",0.679596558598343,"RT @NasMarai: akon really don’t get enough credit. he started charity to provide solar electricity to millions of africans, made a foundati…"
"362","1",0.972860369235044,"All detailed information about the project website! A great opportunity to read about the idea, opportunities, team… https://t.co/Pu9nSRKEkJ"
"363","1",0.798595207740681,"The underbanked and unbanked will feel the impact of the @Bitex_Global . KJoin the token sale today.,.… https://t.co/UwPkyBBg51"
"364","0",0.999258485885793,"""Du nouveau chez les Asics"" https://t.co/vFx5em71Zk #bitcoin #altcoin #Cryptocurrency #cryptomonnaie #cryptonews #blockchain #minage"
"365","0",0.759728237759869,"ABOUT BITESPRIT
BitEsprit is an all-in-one cryptocurrency trading solution with built-in copy trading functionality… https://t.co/ugH4IxSmAy"
"366","1",0.970852970984178,"Good project https://t.co/ULS6iRx1vD"
"367","1",0.679596558598343,"RT @NasMarai: akon really don’t get enough credit. he started charity to provide solar electricity to millions of africans, made a foundati…"
"368","0",0.760550346787639,"RT @bitesprit: #BitEsprit #Airdrop Round 2 goes live tomorrow. Be sure to check out the Bounties section on bitcointalk to not miss out!

h…"
"369","1",0.998282119637865,"RT @blockchainio: The European cryptocurrency exchange of trust for individual and institutional traders and investors. #BCIO #Token Airdro…"
"370","1",0.999973037060785,"RT @rados_io: Radex Classic the first decentralized exchange for $ETC will launch on Saturday or as we like to call it SATURNday!

https://…"
"371","1",0.997381948587944,"RT @Blockshipping: Blockshipping’s flow for reaching the Just in Time container vision contains eight simple and fully automated steps. Che…"
"372","1",0.614208928159697,"Four Ukrainians arrested for running fake cryptocurrency exchange companies https://t.co/SMeqASMVAU https://t.co/V6g1XkTrxw"
"373","1",0.679596558598343,"RT @NasMarai: akon really don’t get enough credit. he started charity to provide solar electricity to millions of africans, made a foundati…"
"374","1",0.978592517382967,"#cryptocurrency #airdrops #BountyHunter #blockchain #ico
<ed><U+00A0><U+00BD><ed><U+00B2><U+00B0><ed><U+00A0><U+00BD><ed><U+00B2><U+00B0><ed><U+00A0><U+00BD><ed><U+00B2><U+00B0><ed><U+00A0><U+00BD><ed><U+00B2><U+00B8><ed><U+00A0><U+00BD><ed><U+00B2><U+00B8>Easy and nice Airdrop: @ImageProtect:
https://t.co/kPXzAZQLBv"
"375","1",0.972965466266221,"Buy Lo And Buy Lambo! #HODL On To Your Bits And Buy More On The Dips <ed><U+00A0><U+00BD><ed><U+00BA><U+0080>

1 - 200x Leverage <U+2705>

<U+25B6><U+FE0F>… https://t.co/lWeltcgeeC"
"376","1",0.996896138170885,"A very promising company, good team, I'll work with them and advise you to join! #Crypto #Blockchain #GlobalREIT… https://t.co/snyFW2LCsG"
"377","0",0.999488639881711,"Dating With Benefits compared to other blockchain dating sites:

https://t.co/uSVTUacPnK

#Blockchain #Ethereum… https://t.co/pSL0JDsDFm"
"378","1",0.930292416790198,"RT @HotFreestyle: Akon has launched his own cryptocurrency called ‘AKoin’ to help improve Africa’s economy. https://t.co/MszlGjlLBJ"
"379","1",0.998994926117466,"RT @Blockshipping: ""It would be wise for everyone to participate in this prestigious and unprecedented project by purchasing tokens of Bloc…"
"380","1",0.679596558598343,"RT @NasMarai: akon really don’t get enough credit. he started charity to provide solar electricity to millions of africans, made a foundati…"
"381","1",0.836799153767915,"RT @OrbisToken: <U+26A0><U+FE0F> ORBIS is The StartUp that you will see in your neighbourhood being proud that you have invested in it early!
 <ed><U+00A0><U+00BD><ed><U+00B4><U+00B8><U+FE0F>Read abo…"
"382","1",0.742374488071307,"RT @StanislawMatt: Most used crypto is #litecoin #massadoption #cryptocurrency #blockchain #LightningNetwork https://t.co/IAzxdTghor"
"383","1",0.679596558598343,"RT @NasMarai: akon really don’t get enough credit. he started charity to provide solar electricity to millions of africans, made a foundati…"
"384","1",0.992785866463545,"Malaysia Technoprenuers Launches Crypto Valley Malaysia (CVM) To Facilitate The #blockchain Needs For Government An… https://t.co/yo9P38akVp"
"385","-1",0.707539701545724,"""William Shatner investit dans une exploitation minière alimentée par une énergie renouvelable""… https://t.co/DKaamBG0Py"
"386","1",0.732004236212255,"#MobileBridge  #Crypto https://t.co/uzKPGa1cvB https://t.co/0ajwIABWRb"
"387","1",0.679596558598343,"RT @NasMarai: akon really don’t get enough credit. he started charity to provide solar electricity to millions of africans, made a foundati…"
"388","1",0.906028675828087,"Presearch is a descentralized search engine, powered by the community

Earn cryptocurrency searching on google… https://t.co/s8aeSYU56L"
"389","1",0.99739670372945,"RT @telluria_exch: The #Telluria team monitors all technological innovations. We will create our own decentralized #marketplace. This will…"
"390","1",0.992774746806256,"RT @Payther_HQ: Massive 300,000,000 PYT Airdrop
To join Airdrop
1. Go to https://t.co/ssZcfurPDR
2. follow the steps
3. Fill &amp; submit the f…"
"391","0",0.999348817149724,"Cryptocurrency: Blockchain, Bitcoin &amp; Ethereum: The Definitive Guide to Investing in the Cryptocurrency Revolution… https://t.co/saDfQwaRQI"
"392","1",0.973643621828611,"RT @reddcoin: #Reddheads &amp; #crypto fans, #Reddcoin #Core has passed a milestone in #testing &amp; possibly in #cryptocurrency #history! Followi…"
"393","1",0.981752188294446,"RT @Evermentcoin: We are Airdropping Free 200000 EVM Token To Our Community Members..
Follow Instructions
1.Follow!
2. Tag 5 Friends
3. Ret…"
"394","-1",0.998478414313295,"#crypto Prices Plunge in India After Biggest Local Exchange Warns “Withdrawals Could Stop” https://t.co/oE9SUTPA0a… https://t.co/Jxh2GVhFDH"
"395","0",0.999987209370811,"RT @RefugeCoin: Check out #RefugeCoin, the blockchain solution with a social impact! 

https://t.co/aCSiCVS4pT 

#RFG #ethereum #bitcoin #b…"
"396","1",0.999439650143322,"<ed><U+00A0><U+00BD><ed><U+00B2><U+008B><ed><U+00A0><U+00BD><ed><U+00B2><U+008B> https://t.co/32m5jZPO8z <ed><U+00A0><U+00BD><ed><U+00B2><U+008B><ed><U+00A0><U+00BD><ed><U+00B2><U+008B> Im on my cam NOW – Come and join me #cuckolddress #cryptocurrency https://t.co/iFH8ly4iYt"
"397","1",0.507741295391266,"RT @NordicAnn: «As we solve problems at scale for institutions, I think it’s in Coinbase’s interest to participate in that,” Garlinghouse s…"
"398","1",0.952027112145061,"RT @eHarvestHub: Have you read our full whitepaper yet? Find it here &amp; discover everything there is to know about eHarvestHub: https://t.co…"
"399","-1",0.659293569176208,"RT @blockonomics_co: Why are we doing an ICO?

Because we support decentralization. Read more:

https://t.co/KYLcgbJZWd

#ico #blockonomics…"
"400","0",0.999958226428783,"#ZeroCarbonProject #Crypto #Blockchain #ENERGIS #bitcoin #cryptocurrency #btc
  https://t.co/5oilyaYiSz https://t.co/lMYRXBUEHi"
"401","0",0.965273899361882,"BTC-CLOAK AskRate: 0.00000670 #Bittrex  #CLOAK $CLOAK #CloakCoin #altcoin #bitcoin #cryptocurrency
 <U+2665> FOLLOW for PROFIT"
"402","0",0.999999804035539,"RT @mf_aytas: https://t.co/LbHB1Fwoxu

#hydrogen #hydro #coin #crypto #coindesk #binance #ddex #huobi #kucoin #ERC20 #ethereum #bitcoin #cr…"
"403","1",0.952027112145061,"RT @eHarvestHub: Have you read our full whitepaper yet? Find it here &amp; discover everything there is to know about eHarvestHub: https://t.co…"
"404","0",0.959032429732522,"#Crypto #Blockchain #PullPayments #instantpayments #fasterpayments #PumaPay #Ethereum
https://t.co/B2BZHnPzCS https://t.co/x27kUezI6k"
"405","1",0.993262480586244,"RT @investaco_uk: “A new Crypto Era” by @investaco_uk https://t.co/ydKk6QMPoc

#cryptocurrency #cryptocurrencies #soon #blockchain #coins #…"
"406","1",0.9999708661547,"New post (AKoin is the very real name of Akon's new cryptocurrency) has been published on blockchain consultants -… https://t.co/hgUTCXwZ3E"
"407","1",0.679596558598343,"RT @NasMarai: akon really don’t get enough credit. he started charity to provide solar electricity to millions of africans, made a foundati…"
"408","1",0.679596558598343,"RT @NasMarai: akon really don’t get enough credit. he started charity to provide solar electricity to millions of africans, made a foundati…"
"409","1",0.999986407249982,"RT @bethereumteam: The main sale is coming! If you want another reminder, sing up to our whitelist and we will make sure that you will not…"
"410","0",0.937710021007323,"https://t.co/BJlUztX8wa #PERA #Payera https://t.co/annnpup9jb"
"411","1",0.986672787267531,"RT @bitesprit: In case you've missed it, here's Barnabás doing an interview with Dusan Spalevich for ICO TV VIDEO. It's a fun interview wit…"
"412","1",0.97847080356654,"A cryptocurrency exchange with the unique liquidity pooling technology

LIQNET Official video… https://t.co/wwmcmCE4NN"
"413","1",0.952027112145061,"RT @eHarvestHub: Have you read our full whitepaper yet? Find it here &amp; discover everything there is to know about eHarvestHub: https://t.co…"
"414","1",0.759565709763298,"1- Guest Post on DA30 PA30 cryptocurrency blog for $5 https://t.co/VDDanUf9ID"
"415","1",0.679596558598343,"RT @NasMarai: akon really don’t get enough credit. he started charity to provide solar electricity to millions of africans, made a foundati…"
"416","1",0.999996694643012,"RT @coiesma: Our performance in the first month !! @cointuit <ed><U+00A0><U+00BD><ed><U+00BA><U+0080><ed><U+00A0><U+00BD><ed><U+00BA><U+0080><ed><U+00A0><U+00BD><ed><U+00BA><U+0080>we work hard for this!! Thanks for the love and blessings !! <ed><U+00A0><U+00BD><ed><U+00BA><U+0080><ed><U+00A0><U+00BD><ed><U+00BA><U+0080><ed><U+00A0><U+00BD><ed><U+00BA><U+0080><ed><U+00A0><U+00BD><ed><U+00B8><U+0087><ed><U+00A0><U+00BD><ed><U+00B8><U+0087><ed><U+00A0><U+00BD><ed><U+00B8><U+0087> 

#btc…"
"417","0",0.99817951111099,"#Lendo #ELT #crypto #cryptocurrency #blockchain
#bitcoin #ethereum #litecoin #ripple
#bitcoincash #entrepreneurship… https://t.co/8W6DXBtHbw"
"418","1",0.999896048134605,"@vexanium is nice idea! Join this project and make profit ! https://t.co/pNX341aIQO #vexanium #Cryptocurrency #ICO #Blockchain"
"419","0",0.96530450445486,"RT @LIQNET_official: LIQNET launches novel cryptocurrency exchange!

Read more
https://t.co/U0N5zltuU2 …

#LIQNET #ICO #Tokensale #CryptoEx…"
"420","1",0.999989750392592,"RT @murthaburke: Twitter, When Will You Unpause The Account Verification Process? Go Twitter! Go Crypto! 

@socialmedia2day @BIGMONEYMIKE6…"
"421","1",0.904359077584979,"Bitcoin in Brief: Halting 51% Attacks and Where Now for Ripple?
https://t.co/jhl9GWrw7b"
"422","1",0.504128006645142,"The latest Wardona Groep ® Nieuws! https://t.co/HRMOwh17Kx Thanks to @CryptoinsidersS @bitcointens @RZwijnenberg #cryptocurrency"
"423","0",0.735252622313651,"RT @JibbitICO: Cryptocurrencies vs. Marijuana Stocks: Which Has the Better Value. #investors CryptoCurrency Bitcoin Ethereum
 #JibbitICO #J…"
"424","0",0.718707099665253,"RT @AcoCollective: 48 hours left!
<U+2800><U+2800> 
Contribute here: https://t.co/50pat3pUYI 
<U+2800><U+2800><U+2800><U+2800><U+2800><U+2800><U+2800><U+2800><U+2800> 
#AcornCollective #Crowdfunding #Blockchain #Bitc…"
"425","0",0.999999944522253,"#PERA #Payera #blockchain #tokensale #cryptocurrency #cardera #shopera #bitcoin #ethereum https://t.co/jGQHLYaVO8… https://t.co/7rMMRUWYvI"
"426","1",0.679596558598343,"RT @NasMarai: akon really don’t get enough credit. he started charity to provide solar electricity to millions of africans, made a foundati…"
"427","1",0.9999659948926,"Hello Guys,
PRE-SALE is Live Join now and earn + 40% bonus for every VIVA Token purchase (1 VIVA = 0.011 USD) 
More… https://t.co/mYTA3YTD5l"
"428","0",0.641782629327662,"RT @Tradisys: Do not know how to lease?<ed><U+00A0><U+00BD><ed><U+00B2><U+0081><U+200D><U+2642><U+FE0F>
Not a problem! It is easy! -&gt; Please watch <ed><U+00A0><U+00BC><ed><U+00BE><U+00AC>  https://t.co/5OKZr2YRv0
or visit https://t.co/15M…"
"429","0",0.948848594589407,"RT @VTOSFOUNDATION: Federal Reserve Branch Adds Cryptocurrency Price Indexes [Yes, Really]
Via: @CryptoCoinsNews 

https://t.co/a7s8IhFj5d"
"430","1",0.679596558598343,"RT @NasMarai: akon really don’t get enough credit. he started charity to provide solar electricity to millions of africans, made a foundati…"
"431","0",0.989364140546518,"RT @BIEXCOM: Amsterdam’s international airport has installed a cryptocurrency ATM that lets passengers convert their euros into BTC or ETH.…"
"432","-1",0.536122669462148,"RT @dentcoin: DENT founder team will be at TokenMarket Summit 2018 in Gibraltar next week June 28-29, lets meet up! More info about the eve…"
"433","0",0.578484876620274,"RT @cycleancoin: CyClean make partnership with 4th industrial revolution tools making company #DOGU <ed><U+00A0><U+00BD><ed><U+00B4><U+00A5><ed><U+00A0><U+00BC><ed><U+00BE><U+0086>

https://t.co/6BPAIZxfA0

<ed><U+00A0><U+00BD><ed><U+00B4><U+00A5>24hrs rem…"
"434","-1",0.781481279857831,"RT @btcinterest: Friendly Reminder!
.
https://t.co/TyyafPbOmj 
.
#BitcoinInterest #ReferralProgram #BCI #teamBCI #Bitcoin #BitcoinNews #Cry…"
"435","0",0.996529080443126,"https://t.co/g2SiFkWBvF
https://t.co/Aihu3NUQ1z
#PERA #Payera #blockchain #cryptocurrency #shopera #cardera… https://t.co/70og6wc9bo"
"436","1",0.983199424827721,"RT @coinspectator: Win 1000 US Dollars with Paycent and Dash’s Partnership! #cryptocurrency #blockchain #altcoins https://t.co/43UTDGj5OA h…"
"437","1",0.984052061066558,"RT @xdtledger: XDT airdrop 
Follow the steps below to be the first to get rewarded 10000 XDTC

1. Follow XDT

2. Like &amp; Retweet

3. Post yo…"
"438","1",0.908646364962668,"#Bethereum #BTHR 

Twitter Page:   https://t.co/uCw6rIZKcB
Fb Page:     https://t.co/CHK6vLxbkf
Bounty:… https://t.co/e88aVK2KS9"
"439","1",0.999998417758701,"RT @eHarvestHub: New to the world of #blockchain? Fear not and have a read of this super straightforward article! https://t.co/UdpyFHVILK #…"
"440","1",0.535456715662042,"RT @ThatDudeMCFLY: this guy is underrated as a human. https://t.co/q8yLyMGRvH"
"441","1",0.999999495346151,"RT @tipchain: SIMPLEST AIRDROP EVER! get $100 worth of TIP tokens

OVER $10,000,000 WORTH OF TIPCHAIN AIRDROP

1. FOLLOW
2. RETWEET PINNED…"
"442","1",0.679596558598343,"RT @NasMarai: akon really don’t get enough credit. he started charity to provide solar electricity to millions of africans, made a foundati…"
"443","1",0.679596558598343,"RT @NasMarai: akon really don’t get enough credit. he started charity to provide solar electricity to millions of africans, made a foundati…"
"444","0",0.901751587487289,"RT @murthaburke: Keen Autonomous  Ride  Hailing Platform- Check This Out! Get in NOW!
https://t.co/Ri6MEMMy69 
#imkeen @BIGMONEYMIKE6 @iamj…"
"445","1",0.679596558598343,"RT @NasMarai: akon really don’t get enough credit. he started charity to provide solar electricity to millions of africans, made a foundati…"
"446","1",0.984052061066558,"RT @xdtledger: XDT airdrop 
Follow the steps below to be the first to get rewarded 10000 XDTC

1. Follow XDT

2. Like &amp; Retweet

3. Post yo…"
"447","1",0.540683015976173,"RT @gratz_io: GRAT token pre-sale is active now. Pre-sale discount: 40%.
Accepted currencies: BTC, ETH, XLM. Register here: https://t.co/sS…"
"448","1",0.679596558598343,"RT @NasMarai: akon really don’t get enough credit. he started charity to provide solar electricity to millions of africans, made a foundati…"
"449","0",0.999999115552809,"RT @murthaburke: Become a Certified Cryptocurrency Trader!! Bitcoin is Here to Stay!!~
https://t.co/mZEuF2BDPc 
#murthaburke #scrollforever…"
"450","1",0.679596558598343,"RT @NasMarai: akon really don’t get enough credit. he started charity to provide solar electricity to millions of africans, made a foundati…"
"451","1",0.930798305891343,"ICO 101 - All you need to know about creating an ICO
ICOs represent a relatively new financial procedure that have… https://t.co/EHYJxQho1O"
"452","1",0.999876248309824,"RT @Monarchtoken: Never Stand in line to pay bills again!

https://t.co/DbOecS8mWR
https://t.co/zEiUHHtUC4
https://t.co/wscoTMVk55
https://…"
"453","1",0.980896872541081,"RT @Autobayio: IMPORTANT NEWS! 

Autobay has set a new #presale date on important partnership announcements!
#ico #icos #eth #ethereum
#btc…"
"454","1",0.999999996771202,"Join me to get @Listia's new $XNK #cryptocurrency for free! Use code ""DGXFVG"" for an extra 25 XNK. Just got this wi… https://t.co/cZS7RNuJgl"
"455","0",0.988074007739997,"https://t.co/qK1AF2hqJq 
  #bitcoin #cryptocurrency https://t.co/TxWppBK6np"
"456","1",0.999680379456812,"RT @eHarvestHub: Find all the ways you can take part in our #bounty campaign outlined here: https://t.co/2QGtYPZNGN #blockchain #cryptocurr…"
"457","1",0.614208928159697,"Four Ukrainians arrested for running fake cryptocurrency exchange companies https://t.co/K8AWNIe5KV https://t.co/HLjvrcLs1d"
"458","-1",0.71251356120591,"RT @lopp: The rate of physical attacks will continue to accelerate as long as criminals view crypto asset owners as soft targets. https://t…"
"459","1",0.99739670372945,"RT @telluria_exch: The #Telluria team monitors all technological innovations. We will create our own decentralized #marketplace. This will…"
"460","1",0.999782792344413,"Dsnt he look like Zola 7? I thought he had opted for the dapper look https://t.co/tJRtJyrR1E"
"461","-1",0.998287748403141,"RT @murthaburke: ITOB- The Evolution of Payment!
https://t.co/GIZJlFrZwW
#Itob #Itobico #Itobevolutionofpayments #blockchain #cryptocurrenc…"
"462","1",0.985116326710975,"RT @CryptoCoinsNews: Japan’s Biggest Cryptocurrency Exchange Suspend New Accounts amid Stricter Regulation https://t.co/KKgzIy1cob"
"463","1",0.679596558598343,"RT @NasMarai: akon really don’t get enough credit. he started charity to provide solar electricity to millions of africans, made a foundati…"
"464","1",0.679596558598343,"RT @NasMarai: akon really don’t get enough credit. he started charity to provide solar electricity to millions of africans, made a foundati…"
"465","1",0.679596558598343,"RT @NasMarai: akon really don’t get enough credit. he started charity to provide solar electricity to millions of africans, made a foundati…"
"466","0",0.999911194250299,"#Crypto #Blockchain #BlockchainBasedREIT #ethereum #bitcoin #cryptocurrency #btc
Join #GlobalREIT now:… https://t.co/qE1OSJ3UBL"
"467","1",0.726260651984344,"RT @cycleancoin: Memorable 14th June #cyclean Meetup Summary <ed><U+00A0><U+00BD><ed><U+00B2><U+00A5><ed><U+00A0><U+00BD><ed><U+00B3><U+00A3>

https://t.co/v4wl2sKPop

#Blockchain  #cryptocurrency #ICO #renewableEnerg…"
"468","1",0.999735701885205,"RT @Monarchtoken: The Monarch platform will be an all-encompassing solution to accept
fiat and cryptocurrencies.

Details available here:
h…"
"469","1",0.979457593350913,"RT @Level01io: “Our collaboration with Thomson Reuters ensures we have the necessary quality data for Level 01 algorithms to perform in the…"
"470","1",0.985116326710975,"Japan’s Biggest Cryptocurrency Exchange Suspend New Accounts amid Stricter Regulation

https://t.co/rQgHCPrsSA… https://t.co/603fS3g6t4"
"471","0",0.882128123594526,"RT @cryptobuzznews: BTC Hash Rate Now At All Time High https://t.co/EvmNCKBQ8w 
#segwit #segwit2x #bitcoincash #eth #btc #cryptocurrency #i…"
"472","0",0.998787717470956,"RT @JinbiToken: The Cryptocurrency market has adopted some of gold’s benefits with the creation of crypto currencies such as bitcoin, a dig…"
"473","1",0.99944059455625,"RT @nauticusen: Did you know that our Bonus Sale is still live? We are rewarding our most loyal supporters with bonuses of up to 35 percent…"
"474","1",0.771230829598439,"Live From AICPA: NPO Auditing, Accounting Of Cryptocurrency - The NonProfit Times https://t.co/Gw41XKYvjg"
"475","1",0.992774746806256,"RT @Payther_HQ: Massive 300,000,000 PYT Airdrop
To join Airdrop
1. Go to https://t.co/ssZcfurPDR
2. follow the steps
3. Fill &amp; submit the f…"
"476","1",0.993691755059343,"RT @Bitbosecoin: <ed><U+00A0><U+00B5><ed><U+00B0><U+0081><ed><U+00A0><U+00B5><ed><U+00B0><U+0088><ed><U+00A0><U+00B5><ed><U+00B0><U+0093><ed><U+00A0><U+00B5><ed><U+00B0><U+0081><ed><U+00A0><U+00B5><ed><U+00B0><U+008E><ed><U+00A0><U+00B5><ed><U+00B0><U+0092><ed><U+00A0><U+00B5><ed><U+00B0><U+0084> , a #cryptocurrency with High Utility &amp; Investment Returns.
visit-https://t.co/H4KsWCf60L
tg-https://t.co/HLiwmoXT…"
"477","1",0.999810329641807,"Comment on Is Metronome’s “Un-ICO” the Next Cryptocurrency Evolution? by Constellation Launches Orion Community Portal, Airdrops DAG Toke..."
"478","1",0.679596558598343,"RT @NasMarai: akon really don’t get enough credit. he started charity to provide solar electricity to millions of africans, made a foundati…"
"479","1",0.999590098388748,"RT @Monarchtoken: Monarch Wallet is the easiest way to monitor and manage all of your cryptocurrency investment. Monarch is a Crypto Wallet…"
"480","1",0.679596558598343,"RT @NasMarai: akon really don’t get enough credit. he started charity to provide solar electricity to millions of africans, made a foundati…"
"481","1",0.873713278474214,"RT @coinnup: The underlying @coinnup Swift Swipe (CSS) protocol that powers #FiatCentral allows the users to buy the #cryptocurrency of the…"
"482","0",0.909741811126462,"Bitcoin plunges after cryptocurrency exchange hacked https://t.co/kStqXfXS5Z #HaveASecureDay #ShareIt"
"483","1",0.781579848768718,"RT @coinnup: The Future may Witness the Evolution of #Cryptocurrency as a #GlobalCurrency | How @coinnup is contributing towards the #Futur…"
"484","1",0.873713278474214,"RT @coinnup: The underlying @coinnup Swift Swipe (CSS) protocol that powers #FiatCentral allows the users to buy the #cryptocurrency of the…"
"485","0",0.724718869773013,"RT @jjjjjjjjjjjk0: <U+81EA><U+52D5>&<U+624B><U+52D5><U+3067><U+5FC5><U+305A><U+8FD4><U+3057><U+307E><U+3059>!<U+52DF><U+96C6>100<U+30D5><U+30A9><U+30ED><U+30D0><U+3057><U+307E><U+3059>100 w
#GainWithTrevor #cryptocurrency #bitcointalk #ifbfollow"
"486","1",0.994668474769778,"RT @QWERTY44366488: Airdrop to commence soon 

Follow 
Retweet
Comment ETH

#airdrop #bounty #freetoken #freecoin
#cryptocurrency #btc #cry…"
"487","1",0.679596558598343,"RT @NasMarai: akon really don’t get enough credit. he started charity to provide solar electricity to millions of africans, made a foundati…"
"488","1",0.999991914412362,"New social network that pays you for your activity with a #cryptocurrency ... 
Register 100% free -&gt;… https://t.co/88d8dB1LtV"
"489","0",0.945600834260819,"RT @OfficialJose6: Pixel Worlds || My first youtube video https://t.co/9TOoxrTbSI 
#ico
#crypto
#photography
#iwd2018
#cryptocurrency
#wome…"
"490","0",0.989478666312976,"""115 plaintes de clients mécontents de Coinbase déposées à la SEC"" https://t.co/M6Ez937hc0 #bitcoin #altcoin… https://t.co/FouSMwsMxO"
"491","0",0.937439782543825,"Cryptocurrency Transactions Surpass Credit Card Sales at Silicon Valley Jewelry Retailer https://t.co/vx8x31Hf0Y"
"492","1",0.984695604714272,"RT @Blockchain_Data: This month, DATA team has further worked on the iterative optimization of DATA product prototype, and has developed mo…"
"493","0",0.999999804035539,"RT @mf_aytas: https://t.co/LbHB1Fwoxu

#hydrogen #hydro #coin #crypto #coindesk #binance #ddex #huobi #kucoin #ERC20 #ethereum #bitcoin #cr…"
"494","1",0.679596558598343,"RT @NasMarai: akon really don’t get enough credit. he started charity to provide solar electricity to millions of africans, made a foundati…"
"495","1",0.99999606138513,"RT @BandZ_Network: We are doing a #giveaway #writing event on #Reddit! 

Join it here for your chance to win #ethereum!
https://t.co/1SSIlO…"
"496","1",0.984695604714272,"RT @Blockchain_Data: This month, DATA team has further worked on the iterative optimization of DATA product prototype, and has developed mo…"
"497","1",0.679596558598343,"RT @NasMarai: akon really don’t get enough credit. he started charity to provide solar electricity to millions of africans, made a foundati…"
"498","-1",0.543985922835744,"#Fluzcoin provides an integrated framework and off-the-shelf extensions that integrate with popular e-commerce plat… https://t.co/ibd1cahP8Q"
"499","-1",0.659293569176208,"RT @blockonomics_co: Why are we doing an ICO?

Because we support decentralization. Read more:

https://t.co/KYLcgbJZWd

#ico #blockonomics…"
"500","1",0.999735701885205,"RT @Monarchtoken: The Monarch platform will be an all-encompassing solution to accept
fiat and cryptocurrencies.

Details available here:
h…"
